parent_technique,name,tactic,vocab_id,vocab_source,n_occurrences,n_runs_present,observed_codes
T1003,OS Credential Dumping,Credential Access,23,camlds,33,29,T1003;T1003.008
T1005,Data from Local System,Collection,15,frozen,2,2,T1005
T1007,System Service Discovery,Discovery,24,camlds,20,20,T1007
T1010,Application Window Discovery,Discovery,25,camlds,4,4,T1010
T1014,Rootkit,Defense Evasion,26,camlds,1,1,T1014
T1016,System Network Configuration Discovery,Discovery,10,frozen,21,21,T1016
T1018,Remote System Discovery,Discovery,27,camlds,14,10,T1018
T1021,Remote Services,Lateral Movement,12,frozen,20,6,T1021;T1021.004;T1021.005
T1033,System Owner/User Discovery,Discovery,28,camlds,85,22,T1033
T1036,Masquerading,Defense Evasion,20,frozen,4,3,T1036.005
T1039,Data from Network Shared Drive,Collection,29,camlds,8,8,T1039
T1040,Network Sniffing,Credential Access,30,camlds,6,5,T1040
T1041,Exfiltration Over C2 Channel,Exfiltration,17,frozen,5,3,T1041
T1046,Network Service Scanning,Discovery,9,frozen,6,2,T1046
T1049,System Network Connections Discovery,Discovery,31,camlds,20,20,T1049
T1053,Scheduled Task/Job,Persistence,4,frozen,25,11,T1053;T1053.003
T1056,Input Capture,Collection,32,camlds,25,1,T1056.001;T1056.004
T1057,Process Discovery,Discovery,33,camlds,22,21,T1057
T1059,Command and Scripting Interpreter,Execution,2,frozen,174,26,T1059;T1059.004;T1059.006
T1068,Exploitation for Privilege Escalation,Privilege Escalation,7,frozen,3,3,T1068
T1069,Permission Groups Discovery,Discovery,78,camlds-verified,18,18,T1069
T1070,Indicator Removal,Defense Evasion,34,camlds,31,19,T1070.003;T1070.004
T1071,Application Layer Protocol,Command and Control,35,camlds,11,8,T1071;T1071.001
T1072,Software Deployment Tools,Lateral Movement,14,frozen,8,4,T1072
T1074,Data Staged,Collection,36,camlds,2,2,T1074.001
T1078,Valid Accounts,Initial Access,37,camlds,32,10,T1078.002;T1078.003
T1080,Taint Shared Content,Lateral Movement,38,camlds,2,1,T1080
T1082,System Information Discovery,Discovery,39,camlds,28,27,T1082
T1083,File and Directory Discovery,Discovery,11,frozen,23,23,T1083
T1087,Account Discovery,Discovery,40,camlds,26,26,T1087;T1087.001
T1095,Non-Application Layer Protocol,Command and Control,41,camlds,1,1,T1095
T1098,Account Manipulation,Persistence,42,camlds,9,6,T1098.004
T1105,Ingress Tool Transfer,Command and Control,43,camlds,86,33,T1105
T1110,Brute Force,Credential Access,44,camlds,9,9,T1110.001
T1115,Clipboard Data,Collection,45,camlds,15,5,T1115
T1120,Peripheral Device Discovery,Discovery,46,camlds,36,18,T1120
T1124,System Time Discovery,Discovery,47,camlds,18,18,T1124
T1133,External Remote Services,Initial Access,48,camlds,5,5,T1133
T1136,Create Account,Persistence,49,camlds,9,6,T1136.001
T1176,Software Extensions,Persistence,50,camlds,9,1,T1176
T1190,Exploit Public-Facing Application,Initial Access,0,frozen,19,19,T1190
T1201,Password Policy Discovery,Discovery,51,camlds,22,20,T1201
T1204,User Execution,Execution,3,frozen,12,4,T1204.001;T1204.002
T1205,Traffic Signaling,Defense Evasion,52,camlds,3,1,T1205.001
T1210,Exploitation of Remote Services,Lateral Movement,53,camlds,3,3,T1210
T1213,Data from Information Repositories,Collection,54,camlds,8,8,T1213
T1218,System Binary Proxy Execution,Defense Evasion,79,camlds-verified,9,9,T1218
T1219,Remote Access Tools,Command and Control,55,camlds,39,2,T1219
T1222,File and Directory Permissions Modification,Defense Evasion,56,camlds,15,4,T1222.002
T1485,Data Destruction,Impact,57,camlds,8,8,T1485
T1486,Data Encrypted for Impact,Impact,18,frozen,16,8,T1486
T1489,Service Stop,Impact,19,frozen,8,8,T1489
T1490,Inhibit System Recovery,Impact,58,camlds,8,8,T1490
T1497,Virtualization/Sandbox Evasion,Defense Evasion,59,camlds,18,18,T1497.001
T1518,Software Discovery,Discovery,80,camlds-verified,18,18,T1518
T1525,Implant Internal Image,Persistence,60,camlds,1,1,T1525
T1528,Steal Application Access Token,Credential Access,61,camlds,1,1,T1528
T1531,Account Access Removal,Impact,62,camlds,8,8,T1531
T1543,Create or Modify System Process,Persistence,5,frozen,9,2,T1543.002
T1546,Event Triggered Execution,Persistence,63,camlds,22,4,T1546
T1547,Boot or Logon Autostart Execution,Persistence,6,frozen,7,4,T1547
T1548,Abuse Elevation Control Mechanism,Privilege Escalation,64,camlds,8,4,T1548.003
T1550,Use Alternate Authentication Material,Lateral Movement,13,frozen,1,1,T1550.001
T1556,Modify Authentication Process,Credential Access,65,camlds,9,6,T1556.003
T1557,Adversary-in-the-Middle,Credential Access,66,camlds,1,1,T1557.002
T1560,Archive Collected Data,Collection,16,frozen,2,2,T1560.001
T1564,Hide Artifacts,Defense Evasion,67,camlds,9,7,T1564;T1564.001
T1565,Data Manipulation,Impact,68,camlds,8,8,T1565.001
T1566,Phishing,Initial Access,1,frozen,12,2,T1566.004
T1569,System Services,Execution,69,camlds,1,1,T1569
T1572,Protocol Tunneling,Command and Control,81,camlds-verified,2,2,T1572
T1573,Encrypted Channel,Command and Control,70,camlds,3,3,T1573;T1573.001
T1574,Hijack Execution Flow,Persistence,21,frozen,10,5,T1574;T1574.008
T1589,Gather Victim Identity Information,Reconnaissance,71,camlds,1,1,T1589.002
T1590,Gather Victim Network Information,Reconnaissance,72,camlds,19,19,T1590.002
T1591,Gather Victim Org Information,Reconnaissance,73,camlds,19,19,T1591
T1592,Gather Victim Host Information,Reconnaissance,74,camlds,19,19,T1592.002
T1595,Active Scanning,Reconnaissance,75,camlds,54,18,T1595;T1595.002;T1595.003
T1599,Network Boundary Bridging,Defense Evasion,76,camlds,2,1,T1599
T1610,Deploy Container,Execution,77,camlds,1,1,T1610
T1614,System Location Discovery,Discovery,82,camlds-verified,18,18,T1614
T1615,Group Policy Discovery,Discovery,83,camlds-verified,18,18,T1615
