run_id,scenario,command_index,n_commands_in_run,command_type,n_labels,is_multilabel,technique_set,parent_technique_set,vocab_id_set,tactic_set,leakage_group,split_seed2310
scenario_1_a_a.j2,S1,0,28,shell,2,1,T1590.002;T1591,T1590;T1591,72;73,Reconnaissance,f03067cab590,train
scenario_1_a_a.j2,S1,1,28,shell,2,1,T1595;T1592.002,T1592;T1595,74;75,Reconnaissance,f03067cab590,train
scenario_1_a_a.j2,S1,2,28,shell,1,0,T1595.002,T1595,75,Reconnaissance,f03067cab590,train
scenario_1_a_a.j2,S1,3,28,shell,1,0,T1595.003,T1595,75,Reconnaissance,f03067cab590,train
scenario_1_a_a.j2,S1,4,28,msf-module,2,1,T1190;T1059.006,T1059;T1190,2;0,Initial Access,f03067cab590,train
scenario_1_a_a.j2,S1,5,28,msf-session,1,0,T1105,T1105,43,Command and Control,f03067cab590,train
scenario_1_a_a.j2,S1,6,28,msf-session,1,0,T1059,T1059,2,Execution,f03067cab590,train
scenario_1_a_a.j2,S1,7,28,msf-session,1,0,T1059,T1059,2,Execution,f03067cab590,train
scenario_1_a_a.j2,S1,8,28,msf-session,1,0,T1059,T1059,2,Execution,f03067cab590,train
scenario_1_a_a.j2,S1,9,28,msf-session,1,0,T1059,T1059,2,Execution,f03067cab590,train
scenario_1_a_a.j2,S1,10,28,msf-session,1,0,T1059,T1059,2,Execution,f03067cab590,train
scenario_1_a_a.j2,S1,11,28,msf-session,1,0,T1059,T1059,2,Execution,f03067cab590,train
scenario_1_a_a.j2,S1,12,28,msf-session,13,1,T1087;T1083;T1201;T1069;T1057;T1518;T1082;T1614;T1016;T1049;T1033;T1007;T1615,T1007;T1016;T1033;T1049;T1057;T1069;T1082;T1083;T1087;T1201;T1518;T1614;T1615,24;10;28;31;33;78;39;11;40;51;80;82;83,Discovery,f03067cab590,train
scenario_1_a_a.j2,S1,13,28,msf-session,1,0,T1033,T1033,28,Discovery,f03067cab590,train
scenario_1_a_a.j2,S1,14,28,msf-session,1,0,T1105,T1105,43,Command and Control,f03067cab590,train
scenario_1_a_a.j2,S1,15,28,msf-session,1,0,T1068,T1068,7,Privilege Escalation,f03067cab590,train
scenario_1_a_a.j2,S1,16,28,msf-session,1,0,T1033,T1033,28,Discovery,f03067cab590,train
scenario_1_a_a.j2,S1,17,28,msf-session,2,1,T1105;T1098.004,T1098;T1105,42;43,Command and Control;Persistence,f03067cab590,train
scenario_1_a_a.j2,S1,18,28,msf-session,2,1,T1218;T1098.004,T1098;T1218,42;79,Defense Evasion;Persistence,f03067cab590,train
scenario_1_a_a.j2,S1,19,28,msf-session,1,0,T1070.004,T1070,34,Defense Evasion,f03067cab590,train
scenario_1_a_a.j2,S1,20,28,msf-session,1,0,T1070.004,T1070,34,Defense Evasion,f03067cab590,train
scenario_1_a_a.j2,S1,21,28,msf-session,1,0,T1070.004,T1070,34,Defense Evasion,f03067cab590,train
scenario_1_a_a.j2,S1,22,28,ssh,1,0,T1033,T1033,28,Discovery,f03067cab590,train
scenario_1_a_a.j2,S1,23,28,ssh,1,0,T1003.008,T1003,23,Credential Access,f03067cab590,train
scenario_1_a_a.j2,S1,24,28,ssh,1,0,T1120,T1120,46,Discovery,f03067cab590,train
scenario_1_a_a.j2,S1,25,28,ssh,1,0,T1120,T1120,46,Discovery,f03067cab590,train
scenario_1_a_a.j2,S1,26,28,ssh,1,0,T1124,T1124,47,Discovery,f03067cab590,train
scenario_1_a_a.j2,S1,27,28,ssh,1,0,T1497.001,T1497,59,Defense Evasion,f03067cab590,train
scenario_1_a_b.j2,S1,0,28,shell,2,1,T1590.002;T1591,T1590;T1591,72;73,Reconnaissance,e192a993d40f,train
scenario_1_a_b.j2,S1,1,28,shell,2,1,T1595;T1592.002,T1592;T1595,74;75,Reconnaissance,e192a993d40f,train
scenario_1_a_b.j2,S1,2,28,shell,1,0,T1595.002,T1595,75,Reconnaissance,e192a993d40f,train
scenario_1_a_b.j2,S1,3,28,shell,1,0,T1595.003,T1595,75,Reconnaissance,e192a993d40f,train
scenario_1_a_b.j2,S1,4,28,msf-module,2,1,T1190;T1059.006,T1059;T1190,2;0,Initial Access,e192a993d40f,train
scenario_1_a_b.j2,S1,5,28,msf-session,1,0,T1105,T1105,43,Command and Control,e192a993d40f,train
scenario_1_a_b.j2,S1,6,28,msf-session,1,0,T1059,T1059,2,Execution,e192a993d40f,train
scenario_1_a_b.j2,S1,7,28,msf-session,1,0,T1059,T1059,2,Execution,e192a993d40f,train
scenario_1_a_b.j2,S1,8,28,msf-session,1,0,T1059,T1059,2,Execution,e192a993d40f,train
scenario_1_a_b.j2,S1,9,28,msf-session,1,0,T1059,T1059,2,Execution,e192a993d40f,train
scenario_1_a_b.j2,S1,10,28,msf-session,1,0,T1059,T1059,2,Execution,e192a993d40f,train
scenario_1_a_b.j2,S1,11,28,msf-session,1,0,T1059,T1059,2,Execution,e192a993d40f,train
scenario_1_a_b.j2,S1,12,28,msf-session,13,1,T1087;T1083;T1201;T1069;T1057;T1518;T1082;T1614;T1016;T1049;T1033;T1007;T1615,T1007;T1016;T1033;T1049;T1057;T1069;T1082;T1083;T1087;T1201;T1518;T1614;T1615,24;10;28;31;33;78;39;11;40;51;80;82;83,Discovery,e192a993d40f,train
scenario_1_a_b.j2,S1,13,28,msf-session,1,0,T1033,T1033,28,Discovery,e192a993d40f,train
scenario_1_a_b.j2,S1,14,28,msf-session,1,0,T1105,T1105,43,Command and Control,e192a993d40f,train
scenario_1_a_b.j2,S1,15,28,msf-session,1,0,T1068,T1068,7,Privilege Escalation,e192a993d40f,train
scenario_1_a_b.j2,S1,16,28,msf-session,1,0,T1033,T1033,28,Discovery,e192a993d40f,train
scenario_1_a_b.j2,S1,17,28,msf-session,2,1,T1105;T1136.001,T1105;T1136,43;49,Command and Control;Persistence,e192a993d40f,train
scenario_1_a_b.j2,S1,18,28,msf-session,2,1,T1218;T1136.001,T1136;T1218,49;79,Defense Evasion;Persistence,e192a993d40f,train
scenario_1_a_b.j2,S1,19,28,msf-session,1,0,T1070.004,T1070,34,Defense Evasion,e192a993d40f,train
scenario_1_a_b.j2,S1,20,28,msf-session,1,0,T1070.004,T1070,34,Defense Evasion,e192a993d40f,train
scenario_1_a_b.j2,S1,21,28,msf-session,1,0,T1070.004,T1070,34,Defense Evasion,e192a993d40f,train
scenario_1_a_b.j2,S1,22,28,ssh,1,0,T1033,T1033,28,Discovery,e192a993d40f,train
scenario_1_a_b.j2,S1,23,28,ssh,1,0,T1003.008,T1003,23,Credential Access,e192a993d40f,train
scenario_1_a_b.j2,S1,24,28,ssh,1,0,T1120,T1120,46,Discovery,e192a993d40f,train
scenario_1_a_b.j2,S1,25,28,ssh,1,0,T1120,T1120,46,Discovery,e192a993d40f,train
scenario_1_a_b.j2,S1,26,28,ssh,1,0,T1124,T1124,47,Discovery,e192a993d40f,train
scenario_1_a_b.j2,S1,27,28,ssh,1,0,T1497.001,T1497,59,Defense Evasion,e192a993d40f,train
scenario_1_a_c.j2,S1,0,28,shell,2,1,T1590.002;T1591,T1590;T1591,72;73,Reconnaissance,0936db5ac7b9,train
scenario_1_a_c.j2,S1,1,28,shell,2,1,T1595;T1592.002,T1592;T1595,74;75,Reconnaissance,0936db5ac7b9,train
scenario_1_a_c.j2,S1,2,28,shell,1,0,T1595.002,T1595,75,Reconnaissance,0936db5ac7b9,train
scenario_1_a_c.j2,S1,3,28,shell,1,0,T1595.003,T1595,75,Reconnaissance,0936db5ac7b9,train
scenario_1_a_c.j2,S1,4,28,msf-module,2,1,T1190;T1059.006,T1059;T1190,2;0,Initial Access,0936db5ac7b9,train
scenario_1_a_c.j2,S1,5,28,msf-session,1,0,T1105,T1105,43,Command and Control,0936db5ac7b9,train
scenario_1_a_c.j2,S1,6,28,msf-session,1,0,T1059,T1059,2,Execution,0936db5ac7b9,train
scenario_1_a_c.j2,S1,7,28,msf-session,1,0,T1059,T1059,2,Execution,0936db5ac7b9,train
scenario_1_a_c.j2,S1,8,28,msf-session,1,0,T1059,T1059,2,Execution,0936db5ac7b9,train
scenario_1_a_c.j2,S1,9,28,msf-session,1,0,T1059,T1059,2,Execution,0936db5ac7b9,train
scenario_1_a_c.j2,S1,10,28,msf-session,1,0,T1059,T1059,2,Execution,0936db5ac7b9,train
scenario_1_a_c.j2,S1,11,28,msf-session,1,0,T1059,T1059,2,Execution,0936db5ac7b9,train
scenario_1_a_c.j2,S1,12,28,msf-session,13,1,T1087;T1083;T1201;T1069;T1057;T1518;T1082;T1614;T1016;T1049;T1033;T1007;T1615,T1007;T1016;T1033;T1049;T1057;T1069;T1082;T1083;T1087;T1201;T1518;T1614;T1615,24;10;28;31;33;78;39;11;40;51;80;82;83,Discovery,0936db5ac7b9,train
scenario_1_a_c.j2,S1,13,28,msf-session,1,0,T1033,T1033,28,Discovery,0936db5ac7b9,train
scenario_1_a_c.j2,S1,14,28,msf-session,1,0,T1105,T1105,43,Command and Control,0936db5ac7b9,train
scenario_1_a_c.j2,S1,15,28,msf-session,1,0,T1068,T1068,7,Privilege Escalation,0936db5ac7b9,train
scenario_1_a_c.j2,S1,16,28,msf-session,1,0,T1033,T1033,28,Discovery,0936db5ac7b9,train
scenario_1_a_c.j2,S1,17,28,msf-session,2,1,T1105;T1556.003,T1105;T1556,43;65,Command and Control;Persistence,0936db5ac7b9,train
scenario_1_a_c.j2,S1,18,28,msf-session,2,1,T1218;T1556.003,T1218;T1556,79;65,Defense Evasion;Persistence,0936db5ac7b9,train
scenario_1_a_c.j2,S1,19,28,msf-session,1,0,T1070.004,T1070,34,Defense Evasion,0936db5ac7b9,train
scenario_1_a_c.j2,S1,20,28,msf-session,1,0,T1070.004,T1070,34,Defense Evasion,0936db5ac7b9,train
scenario_1_a_c.j2,S1,21,28,msf-session,1,0,T1070.004,T1070,34,Defense Evasion,0936db5ac7b9,train
scenario_1_a_c.j2,S1,22,28,ssh,1,0,T1033,T1033,28,Discovery,0936db5ac7b9,train
scenario_1_a_c.j2,S1,23,28,ssh,1,0,T1003.008,T1003,23,Credential Access,0936db5ac7b9,train
scenario_1_a_c.j2,S1,24,28,ssh,1,0,T1120,T1120,46,Discovery,0936db5ac7b9,train
scenario_1_a_c.j2,S1,25,28,ssh,1,0,T1120,T1120,46,Discovery,0936db5ac7b9,train
scenario_1_a_c.j2,S1,26,28,ssh,1,0,T1124,T1124,47,Discovery,0936db5ac7b9,train
scenario_1_a_c.j2,S1,27,28,ssh,1,0,T1497.001,T1497,59,Defense Evasion,0936db5ac7b9,train
scenario_1_b_a.j2,S1,0,27,shell,2,1,T1590.002;T1591,T1590;T1591,72;73,Reconnaissance,808c7e87adde,train
scenario_1_b_a.j2,S1,1,27,shell,2,1,T1595;T1592.002,T1592;T1595,74;75,Reconnaissance,808c7e87adde,train
scenario_1_b_a.j2,S1,2,27,shell,1,0,T1595.002,T1595,75,Reconnaissance,808c7e87adde,train
scenario_1_b_a.j2,S1,3,27,shell,1,0,T1595.003,T1595,75,Reconnaissance,808c7e87adde,train
scenario_1_b_a.j2,S1,4,27,msf-module,2,1,T1190;T1059.006,T1059;T1190,2;0,Initial Access,808c7e87adde,train
scenario_1_b_a.j2,S1,5,27,msf-session,1,0,T1105,T1105,43,Command and Control,808c7e87adde,train
scenario_1_b_a.j2,S1,6,27,msf-session,1,0,T1059,T1059,2,Execution,808c7e87adde,train
scenario_1_b_a.j2,S1,7,27,msf-session,1,0,T1059,T1059,2,Execution,808c7e87adde,train
scenario_1_b_a.j2,S1,8,27,msf-session,1,0,T1059,T1059,2,Execution,808c7e87adde,train
scenario_1_b_a.j2,S1,9,27,msf-session,1,0,T1059,T1059,2,Execution,808c7e87adde,train
scenario_1_b_a.j2,S1,10,27,msf-session,1,0,T1059,T1059,2,Execution,808c7e87adde,train
scenario_1_b_a.j2,S1,11,27,msf-session,1,0,T1059,T1059,2,Execution,808c7e87adde,train
scenario_1_b_a.j2,S1,12,27,msf-session,13,1,T1087;T1083;T1201;T1069;T1057;T1518;T1082;T1614;T1016;T1049;T1033;T1007;T1615,T1007;T1016;T1033;T1049;T1057;T1069;T1082;T1083;T1087;T1201;T1518;T1614;T1615,24;10;28;31;33;78;39;11;40;51;80;82;83,Discovery,808c7e87adde,train
scenario_1_b_a.j2,S1,13,27,msf-session,1,0,T1033,T1033,28,Discovery,808c7e87adde,train
scenario_1_b_a.j2,S1,14,27,msf-session,1,0,T1548.003,T1548,64,Privilege Escalation,808c7e87adde,train
scenario_1_b_a.j2,S1,15,27,msf-session,1,0,T1548.003,T1548,64,Privilege Escalation,808c7e87adde,train
scenario_1_b_a.j2,S1,16,27,msf-session,1,0,T1033,T1033,28,Discovery,808c7e87adde,train
scenario_1_b_a.j2,S1,17,27,msf-session,2,1,T1105;T1098.004,T1098;T1105,42;43,Command and Control;Persistence,808c7e87adde,train
scenario_1_b_a.j2,S1,18,27,msf-session,2,1,T1218;T1098.004,T1098;T1218,42;79,Defense Evasion;Persistence,808c7e87adde,train
scenario_1_b_a.j2,S1,19,27,msf-session,1,0,T1070.004,T1070,34,Defense Evasion,808c7e87adde,train
scenario_1_b_a.j2,S1,20,27,msf-session,1,0,T1070.004,T1070,34,Defense Evasion,808c7e87adde,train
scenario_1_b_a.j2,S1,21,27,ssh,1,0,T1033,T1033,28,Discovery,808c7e87adde,train
scenario_1_b_a.j2,S1,22,27,ssh,1,0,T1003.008,T1003,23,Credential Access,808c7e87adde,train
scenario_1_b_a.j2,S1,23,27,ssh,1,0,T1120,T1120,46,Discovery,808c7e87adde,train
scenario_1_b_a.j2,S1,24,27,ssh,1,0,T1120,T1120,46,Discovery,808c7e87adde,train
scenario_1_b_a.j2,S1,25,27,ssh,1,0,T1124,T1124,47,Discovery,808c7e87adde,train
scenario_1_b_a.j2,S1,26,27,ssh,1,0,T1497.001,T1497,59,Defense Evasion,808c7e87adde,train
scenario_1_b_b.j2,S1,0,27,shell,2,1,T1590.002;T1591,T1590;T1591,72;73,Reconnaissance,51f0ccf4678d,train
scenario_1_b_b.j2,S1,1,27,shell,2,1,T1595;T1592.002,T1592;T1595,74;75,Reconnaissance,51f0ccf4678d,train
scenario_1_b_b.j2,S1,2,27,shell,1,0,T1595.002,T1595,75,Reconnaissance,51f0ccf4678d,train
scenario_1_b_b.j2,S1,3,27,shell,1,0,T1595.003,T1595,75,Reconnaissance,51f0ccf4678d,train
scenario_1_b_b.j2,S1,4,27,msf-module,2,1,T1190;T1059.006,T1059;T1190,2;0,Initial Access,51f0ccf4678d,train
scenario_1_b_b.j2,S1,5,27,msf-session,1,0,T1105,T1105,43,Command and Control,51f0ccf4678d,train
scenario_1_b_b.j2,S1,6,27,msf-session,1,0,T1059,T1059,2,Execution,51f0ccf4678d,train
scenario_1_b_b.j2,S1,7,27,msf-session,1,0,T1059,T1059,2,Execution,51f0ccf4678d,train
scenario_1_b_b.j2,S1,8,27,msf-session,1,0,T1059,T1059,2,Execution,51f0ccf4678d,train
scenario_1_b_b.j2,S1,9,27,msf-session,1,0,T1059,T1059,2,Execution,51f0ccf4678d,train
scenario_1_b_b.j2,S1,10,27,msf-session,1,0,T1059,T1059,2,Execution,51f0ccf4678d,train
scenario_1_b_b.j2,S1,11,27,msf-session,1,0,T1059,T1059,2,Execution,51f0ccf4678d,train
scenario_1_b_b.j2,S1,12,27,msf-session,13,1,T1087;T1083;T1201;T1069;T1057;T1518;T1082;T1614;T1016;T1049;T1033;T1007;T1615,T1007;T1016;T1033;T1049;T1057;T1069;T1082;T1083;T1087;T1201;T1518;T1614;T1615,24;10;28;31;33;78;39;11;40;51;80;82;83,Discovery,51f0ccf4678d,train
scenario_1_b_b.j2,S1,13,27,msf-session,1,0,T1033,T1033,28,Discovery,51f0ccf4678d,train
scenario_1_b_b.j2,S1,14,27,msf-session,1,0,T1548.003,T1548,64,Privilege Escalation,51f0ccf4678d,train
scenario_1_b_b.j2,S1,15,27,msf-session,1,0,T1548.003,T1548,64,Privilege Escalation,51f0ccf4678d,train
scenario_1_b_b.j2,S1,16,27,msf-session,1,0,T1033,T1033,28,Discovery,51f0ccf4678d,train
scenario_1_b_b.j2,S1,17,27,msf-session,2,1,T1105;T1136.001,T1105;T1136,43;49,Command and Control;Persistence,51f0ccf4678d,train
scenario_1_b_b.j2,S1,18,27,msf-session,2,1,T1218;T1136.001,T1136;T1218,49;79,Defense Evasion;Persistence,51f0ccf4678d,train
scenario_1_b_b.j2,S1,19,27,msf-session,1,0,T1070.004,T1070,34,Defense Evasion,51f0ccf4678d,train
scenario_1_b_b.j2,S1,20,27,msf-session,1,0,T1070.004,T1070,34,Defense Evasion,51f0ccf4678d,train
scenario_1_b_b.j2,S1,21,27,ssh,1,0,T1033,T1033,28,Discovery,51f0ccf4678d,train
scenario_1_b_b.j2,S1,22,27,ssh,1,0,T1003.008,T1003,23,Credential Access,51f0ccf4678d,train
scenario_1_b_b.j2,S1,23,27,ssh,1,0,T1120,T1120,46,Discovery,51f0ccf4678d,train
scenario_1_b_b.j2,S1,24,27,ssh,1,0,T1120,T1120,46,Discovery,51f0ccf4678d,train
scenario_1_b_b.j2,S1,25,27,ssh,1,0,T1124,T1124,47,Discovery,51f0ccf4678d,train
scenario_1_b_b.j2,S1,26,27,ssh,1,0,T1497.001,T1497,59,Defense Evasion,51f0ccf4678d,train
scenario_1_b_c.j2,S1,0,27,shell,2,1,T1590.002;T1591,T1590;T1591,72;73,Reconnaissance,93fb0bdece9e,test
scenario_1_b_c.j2,S1,1,27,shell,2,1,T1595;T1592.002,T1592;T1595,74;75,Reconnaissance,93fb0bdece9e,test
scenario_1_b_c.j2,S1,2,27,shell,1,0,T1595.002,T1595,75,Reconnaissance,93fb0bdece9e,test
scenario_1_b_c.j2,S1,3,27,shell,1,0,T1595.003,T1595,75,Reconnaissance,93fb0bdece9e,test
scenario_1_b_c.j2,S1,4,27,msf-module,2,1,T1190;T1059.006,T1059;T1190,2;0,Initial Access,93fb0bdece9e,test
scenario_1_b_c.j2,S1,5,27,msf-session,1,0,T1105,T1105,43,Command and Control,93fb0bdece9e,test
scenario_1_b_c.j2,S1,6,27,msf-session,1,0,T1059,T1059,2,Execution,93fb0bdece9e,test
scenario_1_b_c.j2,S1,7,27,msf-session,1,0,T1059,T1059,2,Execution,93fb0bdece9e,test
scenario_1_b_c.j2,S1,8,27,msf-session,1,0,T1059,T1059,2,Execution,93fb0bdece9e,test
scenario_1_b_c.j2,S1,9,27,msf-session,1,0,T1059,T1059,2,Execution,93fb0bdece9e,test
scenario_1_b_c.j2,S1,10,27,msf-session,1,0,T1059,T1059,2,Execution,93fb0bdece9e,test
scenario_1_b_c.j2,S1,11,27,msf-session,1,0,T1059,T1059,2,Execution,93fb0bdece9e,test
scenario_1_b_c.j2,S1,12,27,msf-session,13,1,T1087;T1083;T1201;T1069;T1057;T1518;T1082;T1614;T1016;T1049;T1033;T1007;T1615,T1007;T1016;T1033;T1049;T1057;T1069;T1082;T1083;T1087;T1201;T1518;T1614;T1615,24;10;28;31;33;78;39;11;40;51;80;82;83,Discovery,93fb0bdece9e,test
scenario_1_b_c.j2,S1,13,27,msf-session,1,0,T1033,T1033,28,Discovery,93fb0bdece9e,test
scenario_1_b_c.j2,S1,14,27,msf-session,1,0,T1548.003,T1548,64,Privilege Escalation,93fb0bdece9e,test
scenario_1_b_c.j2,S1,15,27,msf-session,1,0,T1548.003,T1548,64,Privilege Escalation,93fb0bdece9e,test
scenario_1_b_c.j2,S1,16,27,msf-session,1,0,T1033,T1033,28,Discovery,93fb0bdece9e,test
scenario_1_b_c.j2,S1,17,27,msf-session,2,1,T1105;T1556.003,T1105;T1556,43;65,Command and Control;Persistence,93fb0bdece9e,test
scenario_1_b_c.j2,S1,18,27,msf-session,2,1,T1218;T1556.003,T1218;T1556,79;65,Defense Evasion;Persistence,93fb0bdece9e,test
scenario_1_b_c.j2,S1,19,27,msf-session,1,0,T1070.004,T1070,34,Defense Evasion,93fb0bdece9e,test
scenario_1_b_c.j2,S1,20,27,msf-session,1,0,T1070.004,T1070,34,Defense Evasion,93fb0bdece9e,test
scenario_1_b_c.j2,S1,21,27,ssh,1,0,T1033,T1033,28,Discovery,93fb0bdece9e,test
scenario_1_b_c.j2,S1,22,27,ssh,1,0,T1003.008,T1003,23,Credential Access,93fb0bdece9e,test
scenario_1_b_c.j2,S1,23,27,ssh,1,0,T1120,T1120,46,Discovery,93fb0bdece9e,test
scenario_1_b_c.j2,S1,24,27,ssh,1,0,T1120,T1120,46,Discovery,93fb0bdece9e,test
scenario_1_b_c.j2,S1,25,27,ssh,1,0,T1124,T1124,47,Discovery,93fb0bdece9e,test
scenario_1_b_c.j2,S1,26,27,ssh,1,0,T1497.001,T1497,59,Defense Evasion,93fb0bdece9e,test
scenario_1_c_a.j2,S1,0,28,shell,2,1,T1590.002;T1591,T1590;T1591,72;73,Reconnaissance,ebf4732f4716,validation
scenario_1_c_a.j2,S1,1,28,shell,2,1,T1595;T1592.002,T1592;T1595,74;75,Reconnaissance,ebf4732f4716,validation
scenario_1_c_a.j2,S1,2,28,shell,1,0,T1595.002,T1595,75,Reconnaissance,ebf4732f4716,validation
scenario_1_c_a.j2,S1,3,28,shell,1,0,T1595.003,T1595,75,Reconnaissance,ebf4732f4716,validation
scenario_1_c_a.j2,S1,4,28,msf-module,2,1,T1190;T1059.006,T1059;T1190,2;0,Initial Access,ebf4732f4716,validation
scenario_1_c_a.j2,S1,5,28,msf-session,1,0,T1105,T1105,43,Command and Control,ebf4732f4716,validation
scenario_1_c_a.j2,S1,6,28,msf-session,1,0,T1059,T1059,2,Execution,ebf4732f4716,validation
scenario_1_c_a.j2,S1,7,28,msf-session,1,0,T1059,T1059,2,Execution,ebf4732f4716,validation
scenario_1_c_a.j2,S1,8,28,msf-session,1,0,T1059,T1059,2,Execution,ebf4732f4716,validation
scenario_1_c_a.j2,S1,9,28,msf-session,1,0,T1059,T1059,2,Execution,ebf4732f4716,validation
scenario_1_c_a.j2,S1,10,28,msf-session,1,0,T1059,T1059,2,Execution,ebf4732f4716,validation
scenario_1_c_a.j2,S1,11,28,msf-session,1,0,T1059,T1059,2,Execution,ebf4732f4716,validation
scenario_1_c_a.j2,S1,12,28,msf-session,13,1,T1087;T1083;T1201;T1069;T1057;T1518;T1082;T1614;T1016;T1049;T1033;T1007;T1615,T1007;T1016;T1033;T1049;T1057;T1069;T1082;T1083;T1087;T1201;T1518;T1614;T1615,24;10;28;31;33;78;39;11;40;51;80;82;83,Discovery,ebf4732f4716,validation
scenario_1_c_a.j2,S1,13,28,msf-session,1,0,T1033,T1033,28,Discovery,ebf4732f4716,validation
scenario_1_c_a.j2,S1,14,28,msf-session,1,0,T1547,T1547,6,Persistence,ebf4732f4716,validation
scenario_1_c_a.j2,S1,15,28,msf-session,1,0,T1547,T1547,6,Persistence,ebf4732f4716,validation
scenario_1_c_a.j2,S1,16,28,msf-session,1,0,T1059,T1059,2,Execution,ebf4732f4716,validation
scenario_1_c_a.j2,S1,17,28,msf-session,1,0,T1059,T1059,2,Execution,ebf4732f4716,validation
scenario_1_c_a.j2,S1,18,28,msf-session,1,0,T1059,T1059,2,Execution,ebf4732f4716,validation
scenario_1_c_a.j2,S1,19,28,msf-session,1,0,T1033,T1033,28,Discovery,ebf4732f4716,validation
scenario_1_c_a.j2,S1,20,28,msf-session,2,1,T1105;T1098.004,T1098;T1105,42;43,Command and Control;Persistence,ebf4732f4716,validation
scenario_1_c_a.j2,S1,21,28,msf-session,1,0,T1033,T1033,28,Discovery,ebf4732f4716,validation
scenario_1_c_a.j2,S1,22,28,ssh,1,0,T1033,T1033,28,Discovery,ebf4732f4716,validation
scenario_1_c_a.j2,S1,23,28,ssh,1,0,T1003.008,T1003,23,Credential Access,ebf4732f4716,validation
scenario_1_c_a.j2,S1,24,28,ssh,1,0,T1120,T1120,46,Discovery,ebf4732f4716,validation
scenario_1_c_a.j2,S1,25,28,ssh,1,0,T1120,T1120,46,Discovery,ebf4732f4716,validation
scenario_1_c_a.j2,S1,26,28,ssh,1,0,T1124,T1124,47,Discovery,ebf4732f4716,validation
scenario_1_c_a.j2,S1,27,28,ssh,1,0,T1497.001,T1497,59,Defense Evasion,ebf4732f4716,validation
scenario_1_c_b.j2,S1,0,28,shell,2,1,T1590.002;T1591,T1590;T1591,72;73,Reconnaissance,821f8c4e658d,train
scenario_1_c_b.j2,S1,1,28,shell,2,1,T1595;T1592.002,T1592;T1595,74;75,Reconnaissance,821f8c4e658d,train
scenario_1_c_b.j2,S1,2,28,shell,1,0,T1595.002,T1595,75,Reconnaissance,821f8c4e658d,train
scenario_1_c_b.j2,S1,3,28,shell,1,0,T1595.003,T1595,75,Reconnaissance,821f8c4e658d,train
scenario_1_c_b.j2,S1,4,28,msf-module,2,1,T1190;T1059.006,T1059;T1190,2;0,Initial Access,821f8c4e658d,train
scenario_1_c_b.j2,S1,5,28,msf-session,1,0,T1105,T1105,43,Command and Control,821f8c4e658d,train
scenario_1_c_b.j2,S1,6,28,msf-session,1,0,T1059,T1059,2,Execution,821f8c4e658d,train
scenario_1_c_b.j2,S1,7,28,msf-session,1,0,T1059,T1059,2,Execution,821f8c4e658d,train
scenario_1_c_b.j2,S1,8,28,msf-session,1,0,T1059,T1059,2,Execution,821f8c4e658d,train
scenario_1_c_b.j2,S1,9,28,msf-session,1,0,T1059,T1059,2,Execution,821f8c4e658d,train
scenario_1_c_b.j2,S1,10,28,msf-session,1,0,T1059,T1059,2,Execution,821f8c4e658d,train
scenario_1_c_b.j2,S1,11,28,msf-session,1,0,T1059,T1059,2,Execution,821f8c4e658d,train
scenario_1_c_b.j2,S1,12,28,msf-session,13,1,T1087;T1083;T1201;T1069;T1057;T1518;T1082;T1614;T1016;T1049;T1033;T1007;T1615,T1007;T1016;T1033;T1049;T1057;T1069;T1082;T1083;T1087;T1201;T1518;T1614;T1615,24;10;28;31;33;78;39;11;40;51;80;82;83,Discovery,821f8c4e658d,train
scenario_1_c_b.j2,S1,13,28,msf-session,1,0,T1033,T1033,28,Discovery,821f8c4e658d,train
scenario_1_c_b.j2,S1,14,28,msf-session,1,0,T1547,T1547,6,Persistence,821f8c4e658d,train
scenario_1_c_b.j2,S1,15,28,msf-session,1,0,T1547,T1547,6,Persistence,821f8c4e658d,train
scenario_1_c_b.j2,S1,16,28,msf-session,1,0,T1059,T1059,2,Execution,821f8c4e658d,train
scenario_1_c_b.j2,S1,17,28,msf-session,1,0,T1059,T1059,2,Execution,821f8c4e658d,train
scenario_1_c_b.j2,S1,18,28,msf-session,1,0,T1059,T1059,2,Execution,821f8c4e658d,train
scenario_1_c_b.j2,S1,19,28,msf-session,1,0,T1033,T1033,28,Discovery,821f8c4e658d,train
scenario_1_c_b.j2,S1,20,28,msf-session,2,1,T1105;T1136.001,T1105;T1136,43;49,Command and Control;Persistence,821f8c4e658d,train
scenario_1_c_b.j2,S1,21,28,msf-session,1,0,T1033,T1033,28,Discovery,821f8c4e658d,train
scenario_1_c_b.j2,S1,22,28,ssh,1,0,T1033,T1033,28,Discovery,821f8c4e658d,train
scenario_1_c_b.j2,S1,23,28,ssh,1,0,T1003.008,T1003,23,Credential Access,821f8c4e658d,train
scenario_1_c_b.j2,S1,24,28,ssh,1,0,T1120,T1120,46,Discovery,821f8c4e658d,train
scenario_1_c_b.j2,S1,25,28,ssh,1,0,T1120,T1120,46,Discovery,821f8c4e658d,train
scenario_1_c_b.j2,S1,26,28,ssh,1,0,T1124,T1124,47,Discovery,821f8c4e658d,train
scenario_1_c_b.j2,S1,27,28,ssh,1,0,T1497.001,T1497,59,Defense Evasion,821f8c4e658d,train
scenario_1_c_c.j2,S1,0,28,shell,2,1,T1590.002;T1591,T1590;T1591,72;73,Reconnaissance,b8894870ed5d,test
scenario_1_c_c.j2,S1,1,28,shell,2,1,T1595;T1592.002,T1592;T1595,74;75,Reconnaissance,b8894870ed5d,test
scenario_1_c_c.j2,S1,2,28,shell,1,0,T1595.002,T1595,75,Reconnaissance,b8894870ed5d,test
scenario_1_c_c.j2,S1,3,28,shell,1,0,T1595.003,T1595,75,Reconnaissance,b8894870ed5d,test
scenario_1_c_c.j2,S1,4,28,msf-module,2,1,T1190;T1059.006,T1059;T1190,2;0,Initial Access,b8894870ed5d,test
scenario_1_c_c.j2,S1,5,28,msf-session,1,0,T1105,T1105,43,Command and Control,b8894870ed5d,test
scenario_1_c_c.j2,S1,6,28,msf-session,1,0,T1059,T1059,2,Execution,b8894870ed5d,test
scenario_1_c_c.j2,S1,7,28,msf-session,1,0,T1059,T1059,2,Execution,b8894870ed5d,test
scenario_1_c_c.j2,S1,8,28,msf-session,1,0,T1059,T1059,2,Execution,b8894870ed5d,test
scenario_1_c_c.j2,S1,9,28,msf-session,1,0,T1059,T1059,2,Execution,b8894870ed5d,test
scenario_1_c_c.j2,S1,10,28,msf-session,1,0,T1059,T1059,2,Execution,b8894870ed5d,test
scenario_1_c_c.j2,S1,11,28,msf-session,1,0,T1059,T1059,2,Execution,b8894870ed5d,test
scenario_1_c_c.j2,S1,12,28,msf-session,13,1,T1087;T1083;T1201;T1069;T1057;T1518;T1082;T1614;T1016;T1049;T1033;T1007;T1615,T1007;T1016;T1033;T1049;T1057;T1069;T1082;T1083;T1087;T1201;T1518;T1614;T1615,24;10;28;31;33;78;39;11;40;51;80;82;83,Discovery,b8894870ed5d,test
scenario_1_c_c.j2,S1,13,28,msf-session,1,0,T1033,T1033,28,Discovery,b8894870ed5d,test
scenario_1_c_c.j2,S1,14,28,msf-session,1,0,T1547,T1547,6,Persistence,b8894870ed5d,test
scenario_1_c_c.j2,S1,15,28,msf-session,1,0,T1547,T1547,6,Persistence,b8894870ed5d,test
scenario_1_c_c.j2,S1,16,28,msf-session,1,0,T1059,T1059,2,Execution,b8894870ed5d,test
scenario_1_c_c.j2,S1,17,28,msf-session,1,0,T1059,T1059,2,Execution,b8894870ed5d,test
scenario_1_c_c.j2,S1,18,28,msf-session,1,0,T1059,T1059,2,Execution,b8894870ed5d,test
scenario_1_c_c.j2,S1,19,28,msf-session,1,0,T1033,T1033,28,Discovery,b8894870ed5d,test
scenario_1_c_c.j2,S1,20,28,msf-session,2,1,T1105;T1556.003,T1105;T1556,43;65,Command and Control;Persistence,b8894870ed5d,test
scenario_1_c_c.j2,S1,21,28,msf-session,1,0,T1033,T1033,28,Discovery,b8894870ed5d,test
scenario_1_c_c.j2,S1,22,28,ssh,1,0,T1033,T1033,28,Discovery,b8894870ed5d,test
scenario_1_c_c.j2,S1,23,28,ssh,1,0,T1003.008,T1003,23,Credential Access,b8894870ed5d,test
scenario_1_c_c.j2,S1,24,28,ssh,1,0,T1120,T1120,46,Discovery,b8894870ed5d,test
scenario_1_c_c.j2,S1,25,28,ssh,1,0,T1120,T1120,46,Discovery,b8894870ed5d,test
scenario_1_c_c.j2,S1,26,28,ssh,1,0,T1124,T1124,47,Discovery,b8894870ed5d,test
scenario_1_c_c.j2,S1,27,28,ssh,1,0,T1497.001,T1497,59,Defense Evasion,b8894870ed5d,test
scenario_1_d_a.j2,S1,0,35,shell,2,1,T1590.002;T1591,T1590;T1591,72;73,Reconnaissance,f78f864ba7b1,test
scenario_1_d_a.j2,S1,1,35,shell,2,1,T1595;T1592.002,T1592;T1595,74;75,Reconnaissance,f78f864ba7b1,test
scenario_1_d_a.j2,S1,2,35,shell,1,0,T1595.002,T1595,75,Reconnaissance,f78f864ba7b1,test
scenario_1_d_a.j2,S1,3,35,shell,1,0,T1595.003,T1595,75,Reconnaissance,f78f864ba7b1,test
scenario_1_d_a.j2,S1,4,35,msf-module,2,1,T1190;T1059.006,T1059;T1190,2;0,Initial Access,f78f864ba7b1,test
scenario_1_d_a.j2,S1,5,35,msf-session,1,0,T1105,T1105,43,Command and Control,f78f864ba7b1,test
scenario_1_d_a.j2,S1,6,35,msf-session,1,0,T1105,T1105,43,Command and Control,f78f864ba7b1,test
scenario_1_d_a.j2,S1,7,35,msf-session,1,0,T1059,T1059,2,Execution,f78f864ba7b1,test
scenario_1_d_a.j2,S1,8,35,msf-session,1,0,T1059,T1059,2,Execution,f78f864ba7b1,test
scenario_1_d_a.j2,S1,9,35,msf-session,1,0,T1059,T1059,2,Execution,f78f864ba7b1,test
scenario_1_d_a.j2,S1,10,35,msf-session,1,0,T1059,T1059,2,Execution,f78f864ba7b1,test
scenario_1_d_a.j2,S1,11,35,msf-session,1,0,T1059,T1059,2,Execution,f78f864ba7b1,test
scenario_1_d_a.j2,S1,12,35,msf-session,1,0,T1059,T1059,2,Execution,f78f864ba7b1,test
scenario_1_d_a.j2,S1,13,35,msf-session,1,0,T1059,T1059,2,Execution,f78f864ba7b1,test
scenario_1_d_a.j2,S1,14,35,msf-session,13,1,T1087;T1083;T1201;T1069;T1057;T1518;T1082;T1614;T1016;T1049;T1033;T1007;T1615,T1007;T1016;T1033;T1049;T1057;T1069;T1082;T1083;T1087;T1201;T1518;T1614;T1615,24;10;28;31;33;78;39;11;40;51;80;82;83,Discovery,f78f864ba7b1,test
scenario_1_d_a.j2,S1,15,35,msf-session,1,0,T1033,T1033,28,Discovery,f78f864ba7b1,test
scenario_1_d_a.j2,S1,16,35,msf-session,1,0,T1546,T1546,63,Privilege Escalation,f78f864ba7b1,test
scenario_1_d_a.j2,S1,17,35,msf-session,1,0,T1546,T1546,63,Privilege Escalation,f78f864ba7b1,test
scenario_1_d_a.j2,S1,18,35,msf-session,1,0,T1546,T1546,63,Privilege Escalation,f78f864ba7b1,test
scenario_1_d_a.j2,S1,19,35,msf-session,1,0,T1546,T1546,63,Privilege Escalation,f78f864ba7b1,test
scenario_1_d_a.j2,S1,20,35,msf-session,1,0,T1546,T1546,63,Privilege Escalation,f78f864ba7b1,test
scenario_1_d_a.j2,S1,21,35,msf-session,1,0,T1546,T1546,63,Privilege Escalation,f78f864ba7b1,test
scenario_1_d_a.j2,S1,22,35,sleep,1,0,T1546,T1546,63,Privilege Escalation,f78f864ba7b1,test
scenario_1_d_a.j2,S1,23,35,msf-session,1,0,T1059,T1059,2,Execution,f78f864ba7b1,test
scenario_1_d_a.j2,S1,24,35,msf-session,1,0,T1059,T1059,2,Execution,f78f864ba7b1,test
scenario_1_d_a.j2,S1,25,35,msf-session,1,0,T1059,T1059,2,Execution,f78f864ba7b1,test
scenario_1_d_a.j2,S1,26,35,msf-session,1,0,T1033,T1033,28,Discovery,f78f864ba7b1,test
scenario_1_d_a.j2,S1,27,35,msf-session,2,1,T1105;T1098.004,T1098;T1105,42;43,Command and Control;Persistence,f78f864ba7b1,test
scenario_1_d_a.j2,S1,28,35,msf-session,1,0,T1033,T1033,28,Discovery,f78f864ba7b1,test
scenario_1_d_a.j2,S1,29,35,ssh,1,0,T1033,T1033,28,Discovery,f78f864ba7b1,test
scenario_1_d_a.j2,S1,30,35,ssh,1,0,T1003.008,T1003,23,Credential Access,f78f864ba7b1,test
scenario_1_d_a.j2,S1,31,35,ssh,1,0,T1120,T1120,46,Discovery,f78f864ba7b1,test
scenario_1_d_a.j2,S1,32,35,ssh,1,0,T1120,T1120,46,Discovery,f78f864ba7b1,test
scenario_1_d_a.j2,S1,33,35,ssh,1,0,T1124,T1124,47,Discovery,f78f864ba7b1,test
scenario_1_d_a.j2,S1,34,35,ssh,1,0,T1497.001,T1497,59,Defense Evasion,f78f864ba7b1,test
scenario_1_d_b.j2,S1,0,35,shell,2,1,T1590.002;T1591,T1590;T1591,72;73,Reconnaissance,baebce26b4c0,train
scenario_1_d_b.j2,S1,1,35,shell,2,1,T1595;T1592.002,T1592;T1595,74;75,Reconnaissance,baebce26b4c0,train
scenario_1_d_b.j2,S1,2,35,shell,1,0,T1595.002,T1595,75,Reconnaissance,baebce26b4c0,train
scenario_1_d_b.j2,S1,3,35,shell,1,0,T1595.003,T1595,75,Reconnaissance,baebce26b4c0,train
scenario_1_d_b.j2,S1,4,35,msf-module,2,1,T1190;T1059.006,T1059;T1190,2;0,Initial Access,baebce26b4c0,train
scenario_1_d_b.j2,S1,5,35,msf-session,1,0,T1105,T1105,43,Command and Control,baebce26b4c0,train
scenario_1_d_b.j2,S1,6,35,msf-session,1,0,T1105,T1105,43,Command and Control,baebce26b4c0,train
scenario_1_d_b.j2,S1,7,35,msf-session,1,0,T1059,T1059,2,Execution,baebce26b4c0,train
scenario_1_d_b.j2,S1,8,35,msf-session,1,0,T1059,T1059,2,Execution,baebce26b4c0,train
scenario_1_d_b.j2,S1,9,35,msf-session,1,0,T1059,T1059,2,Execution,baebce26b4c0,train
scenario_1_d_b.j2,S1,10,35,msf-session,1,0,T1059,T1059,2,Execution,baebce26b4c0,train
scenario_1_d_b.j2,S1,11,35,msf-session,1,0,T1059,T1059,2,Execution,baebce26b4c0,train
scenario_1_d_b.j2,S1,12,35,msf-session,1,0,T1059,T1059,2,Execution,baebce26b4c0,train
scenario_1_d_b.j2,S1,13,35,msf-session,1,0,T1059,T1059,2,Execution,baebce26b4c0,train
scenario_1_d_b.j2,S1,14,35,msf-session,13,1,T1087;T1083;T1201;T1069;T1057;T1518;T1082;T1614;T1016;T1049;T1033;T1007;T1615,T1007;T1016;T1033;T1049;T1057;T1069;T1082;T1083;T1087;T1201;T1518;T1614;T1615,24;10;28;31;33;78;39;11;40;51;80;82;83,Discovery,baebce26b4c0,train
scenario_1_d_b.j2,S1,15,35,msf-session,1,0,T1033,T1033,28,Discovery,baebce26b4c0,train
scenario_1_d_b.j2,S1,16,35,msf-session,1,0,T1546,T1546,63,Privilege Escalation,baebce26b4c0,train
scenario_1_d_b.j2,S1,17,35,msf-session,1,0,T1546,T1546,63,Privilege Escalation,baebce26b4c0,train
scenario_1_d_b.j2,S1,18,35,msf-session,1,0,T1546,T1546,63,Privilege Escalation,baebce26b4c0,train
scenario_1_d_b.j2,S1,19,35,msf-session,1,0,T1546,T1546,63,Privilege Escalation,baebce26b4c0,train
scenario_1_d_b.j2,S1,20,35,msf-session,1,0,T1546,T1546,63,Privilege Escalation,baebce26b4c0,train
scenario_1_d_b.j2,S1,21,35,msf-session,1,0,T1546,T1546,63,Privilege Escalation,baebce26b4c0,train
scenario_1_d_b.j2,S1,22,35,sleep,1,0,T1546,T1546,63,Privilege Escalation,baebce26b4c0,train
scenario_1_d_b.j2,S1,23,35,msf-session,1,0,T1059,T1059,2,Execution,baebce26b4c0,train
scenario_1_d_b.j2,S1,24,35,msf-session,1,0,T1059,T1059,2,Execution,baebce26b4c0,train
scenario_1_d_b.j2,S1,25,35,msf-session,1,0,T1059,T1059,2,Execution,baebce26b4c0,train
scenario_1_d_b.j2,S1,26,35,msf-session,1,0,T1033,T1033,28,Discovery,baebce26b4c0,train
scenario_1_d_b.j2,S1,27,35,msf-session,2,1,T1105;T1136.001,T1105;T1136,43;49,Command and Control;Persistence,baebce26b4c0,train
scenario_1_d_b.j2,S1,28,35,msf-session,1,0,T1033,T1033,28,Discovery,baebce26b4c0,train
scenario_1_d_b.j2,S1,29,35,ssh,1,0,T1033,T1033,28,Discovery,baebce26b4c0,train
scenario_1_d_b.j2,S1,30,35,ssh,1,0,T1003.008,T1003,23,Credential Access,baebce26b4c0,train
scenario_1_d_b.j2,S1,31,35,ssh,1,0,T1120,T1120,46,Discovery,baebce26b4c0,train
scenario_1_d_b.j2,S1,32,35,ssh,1,0,T1120,T1120,46,Discovery,baebce26b4c0,train
scenario_1_d_b.j2,S1,33,35,ssh,1,0,T1124,T1124,47,Discovery,baebce26b4c0,train
scenario_1_d_b.j2,S1,34,35,ssh,1,0,T1497.001,T1497,59,Defense Evasion,baebce26b4c0,train
scenario_1_d_c.j2,S1,0,35,shell,2,1,T1590.002;T1591,T1590;T1591,72;73,Reconnaissance,240bfba563d2,validation
scenario_1_d_c.j2,S1,1,35,shell,2,1,T1595;T1592.002,T1592;T1595,74;75,Reconnaissance,240bfba563d2,validation
scenario_1_d_c.j2,S1,2,35,shell,1,0,T1595.002,T1595,75,Reconnaissance,240bfba563d2,validation
scenario_1_d_c.j2,S1,3,35,shell,1,0,T1595.003,T1595,75,Reconnaissance,240bfba563d2,validation
scenario_1_d_c.j2,S1,4,35,msf-module,2,1,T1190;T1059.006,T1059;T1190,2;0,Initial Access,240bfba563d2,validation
scenario_1_d_c.j2,S1,5,35,msf-session,1,0,T1105,T1105,43,Command and Control,240bfba563d2,validation
scenario_1_d_c.j2,S1,6,35,msf-session,1,0,T1105,T1105,43,Command and Control,240bfba563d2,validation
scenario_1_d_c.j2,S1,7,35,msf-session,1,0,T1059,T1059,2,Execution,240bfba563d2,validation
scenario_1_d_c.j2,S1,8,35,msf-session,1,0,T1059,T1059,2,Execution,240bfba563d2,validation
scenario_1_d_c.j2,S1,9,35,msf-session,1,0,T1059,T1059,2,Execution,240bfba563d2,validation
scenario_1_d_c.j2,S1,10,35,msf-session,1,0,T1059,T1059,2,Execution,240bfba563d2,validation
scenario_1_d_c.j2,S1,11,35,msf-session,1,0,T1059,T1059,2,Execution,240bfba563d2,validation
scenario_1_d_c.j2,S1,12,35,msf-session,1,0,T1059,T1059,2,Execution,240bfba563d2,validation
scenario_1_d_c.j2,S1,13,35,msf-session,1,0,T1059,T1059,2,Execution,240bfba563d2,validation
scenario_1_d_c.j2,S1,14,35,msf-session,13,1,T1087;T1083;T1201;T1069;T1057;T1518;T1082;T1614;T1016;T1049;T1033;T1007;T1615,T1007;T1016;T1033;T1049;T1057;T1069;T1082;T1083;T1087;T1201;T1518;T1614;T1615,24;10;28;31;33;78;39;11;40;51;80;82;83,Discovery,240bfba563d2,validation
scenario_1_d_c.j2,S1,15,35,msf-session,1,0,T1033,T1033,28,Discovery,240bfba563d2,validation
scenario_1_d_c.j2,S1,16,35,msf-session,1,0,T1546,T1546,63,Privilege Escalation,240bfba563d2,validation
scenario_1_d_c.j2,S1,17,35,msf-session,1,0,T1546,T1546,63,Privilege Escalation,240bfba563d2,validation
scenario_1_d_c.j2,S1,18,35,msf-session,1,0,T1546,T1546,63,Privilege Escalation,240bfba563d2,validation
scenario_1_d_c.j2,S1,19,35,msf-session,1,0,T1546,T1546,63,Privilege Escalation,240bfba563d2,validation
scenario_1_d_c.j2,S1,20,35,msf-session,1,0,T1546,T1546,63,Privilege Escalation,240bfba563d2,validation
scenario_1_d_c.j2,S1,21,35,msf-session,1,0,T1546,T1546,63,Privilege Escalation,240bfba563d2,validation
scenario_1_d_c.j2,S1,22,35,sleep,1,0,T1546,T1546,63,Privilege Escalation,240bfba563d2,validation
scenario_1_d_c.j2,S1,23,35,msf-session,1,0,T1059,T1059,2,Execution,240bfba563d2,validation
scenario_1_d_c.j2,S1,24,35,msf-session,1,0,T1059,T1059,2,Execution,240bfba563d2,validation
scenario_1_d_c.j2,S1,25,35,msf-session,1,0,T1059,T1059,2,Execution,240bfba563d2,validation
scenario_1_d_c.j2,S1,26,35,msf-session,1,0,T1033,T1033,28,Discovery,240bfba563d2,validation
scenario_1_d_c.j2,S1,27,35,msf-session,2,1,T1105;T1556.003,T1105;T1556,43;65,Command and Control;Persistence,240bfba563d2,validation
scenario_1_d_c.j2,S1,28,35,msf-session,1,0,T1033,T1033,28,Discovery,240bfba563d2,validation
scenario_1_d_c.j2,S1,29,35,ssh,1,0,T1033,T1033,28,Discovery,240bfba563d2,validation
scenario_1_d_c.j2,S1,30,35,ssh,1,0,T1003.008,T1003,23,Credential Access,240bfba563d2,validation
scenario_1_d_c.j2,S1,31,35,ssh,1,0,T1120,T1120,46,Discovery,240bfba563d2,validation
scenario_1_d_c.j2,S1,32,35,ssh,1,0,T1120,T1120,46,Discovery,240bfba563d2,validation
scenario_1_d_c.j2,S1,33,35,ssh,1,0,T1124,T1124,47,Discovery,240bfba563d2,validation
scenario_1_d_c.j2,S1,34,35,ssh,1,0,T1497.001,T1497,59,Defense Evasion,240bfba563d2,validation
scenario_1_e_a.j2,S1,0,30,shell,2,1,T1590.002;T1591,T1590;T1591,72;73,Reconnaissance,3519cf18b1df,test
scenario_1_e_a.j2,S1,1,30,shell,2,1,T1595;T1592.002,T1592;T1595,74;75,Reconnaissance,3519cf18b1df,test
scenario_1_e_a.j2,S1,2,30,shell,1,0,T1595.002,T1595,75,Reconnaissance,3519cf18b1df,test
scenario_1_e_a.j2,S1,3,30,shell,1,0,T1595.003,T1595,75,Reconnaissance,3519cf18b1df,test
scenario_1_e_a.j2,S1,4,30,msf-module,2,1,T1190;T1059.006,T1059;T1190,2;0,Initial Access,3519cf18b1df,test
scenario_1_e_a.j2,S1,5,30,msf-session,1,0,T1105,T1105,43,Command and Control,3519cf18b1df,test
scenario_1_e_a.j2,S1,6,30,msf-session,1,0,T1059,T1059,2,Execution,3519cf18b1df,test
scenario_1_e_a.j2,S1,7,30,msf-session,1,0,T1059,T1059,2,Execution,3519cf18b1df,test
scenario_1_e_a.j2,S1,8,30,msf-session,1,0,T1059,T1059,2,Execution,3519cf18b1df,test
scenario_1_e_a.j2,S1,9,30,msf-session,1,0,T1059,T1059,2,Execution,3519cf18b1df,test
scenario_1_e_a.j2,S1,10,30,msf-session,1,0,T1059,T1059,2,Execution,3519cf18b1df,test
scenario_1_e_a.j2,S1,11,30,msf-session,1,0,T1059,T1059,2,Execution,3519cf18b1df,test
scenario_1_e_a.j2,S1,12,30,msf-session,13,1,T1087;T1083;T1201;T1069;T1057;T1518;T1082;T1614;T1016;T1049;T1033;T1007;T1615,T1007;T1016;T1033;T1049;T1057;T1069;T1082;T1083;T1087;T1201;T1518;T1614;T1615,24;10;28;31;33;78;39;11;40;51;80;82;83,Discovery,3519cf18b1df,test
scenario_1_e_a.j2,S1,13,30,msf-session,1,0,T1033,T1033,28,Discovery,3519cf18b1df,test
scenario_1_e_a.j2,S1,14,30,msf-session,1,0,T1053,T1053,4,Execution,3519cf18b1df,test
scenario_1_e_a.j2,S1,15,30,msf-session,1,0,T1053,T1053,4,Execution,3519cf18b1df,test
scenario_1_e_a.j2,S1,16,30,msf-session,1,0,T1059,T1059,2,Execution,3519cf18b1df,test
scenario_1_e_a.j2,S1,17,30,msf-session,1,0,T1059,T1059,2,Execution,3519cf18b1df,test
scenario_1_e_a.j2,S1,18,30,msf-session,1,0,T1059,T1059,2,Execution,3519cf18b1df,test
scenario_1_e_a.j2,S1,19,30,msf-session,1,0,T1059,T1059,2,Execution,3519cf18b1df,test
scenario_1_e_a.j2,S1,20,30,msf-session,1,0,T1033,T1033,28,Discovery,3519cf18b1df,test
scenario_1_e_a.j2,S1,21,30,msf-session,2,1,T1105;T1098.004,T1098;T1105,42;43,Command and Control;Persistence,3519cf18b1df,test
scenario_1_e_a.j2,S1,22,30,msf-session,1,0,T1033,T1033,28,Discovery,3519cf18b1df,test
scenario_1_e_a.j2,S1,23,30,msf-session,1,0,T1070.004,T1070,34,Defense Evasion,3519cf18b1df,test
scenario_1_e_a.j2,S1,24,30,ssh,1,0,T1033,T1033,28,Discovery,3519cf18b1df,test
scenario_1_e_a.j2,S1,25,30,ssh,1,0,T1003.008,T1003,23,Credential Access,3519cf18b1df,test
scenario_1_e_a.j2,S1,26,30,ssh,1,0,T1120,T1120,46,Discovery,3519cf18b1df,test
scenario_1_e_a.j2,S1,27,30,ssh,1,0,T1120,T1120,46,Discovery,3519cf18b1df,test
scenario_1_e_a.j2,S1,28,30,ssh,1,0,T1124,T1124,47,Discovery,3519cf18b1df,test
scenario_1_e_a.j2,S1,29,30,ssh,1,0,T1497.001,T1497,59,Defense Evasion,3519cf18b1df,test
scenario_1_e_b.j2,S1,0,30,shell,2,1,T1590.002;T1591,T1590;T1591,72;73,Reconnaissance,4eba45f0e315,validation
scenario_1_e_b.j2,S1,1,30,shell,2,1,T1595;T1592.002,T1592;T1595,74;75,Reconnaissance,4eba45f0e315,validation
scenario_1_e_b.j2,S1,2,30,shell,1,0,T1595.002,T1595,75,Reconnaissance,4eba45f0e315,validation
scenario_1_e_b.j2,S1,3,30,shell,1,0,T1595.003,T1595,75,Reconnaissance,4eba45f0e315,validation
scenario_1_e_b.j2,S1,4,30,msf-module,2,1,T1190;T1059.006,T1059;T1190,2;0,Initial Access,4eba45f0e315,validation
scenario_1_e_b.j2,S1,5,30,msf-session,1,0,T1105,T1105,43,Command and Control,4eba45f0e315,validation
scenario_1_e_b.j2,S1,6,30,msf-session,1,0,T1059,T1059,2,Execution,4eba45f0e315,validation
scenario_1_e_b.j2,S1,7,30,msf-session,1,0,T1059,T1059,2,Execution,4eba45f0e315,validation
scenario_1_e_b.j2,S1,8,30,msf-session,1,0,T1059,T1059,2,Execution,4eba45f0e315,validation
scenario_1_e_b.j2,S1,9,30,msf-session,1,0,T1059,T1059,2,Execution,4eba45f0e315,validation
scenario_1_e_b.j2,S1,10,30,msf-session,1,0,T1059,T1059,2,Execution,4eba45f0e315,validation
scenario_1_e_b.j2,S1,11,30,msf-session,1,0,T1059,T1059,2,Execution,4eba45f0e315,validation
scenario_1_e_b.j2,S1,12,30,msf-session,13,1,T1087;T1083;T1201;T1069;T1057;T1518;T1082;T1614;T1016;T1049;T1033;T1007;T1615,T1007;T1016;T1033;T1049;T1057;T1069;T1082;T1083;T1087;T1201;T1518;T1614;T1615,24;10;28;31;33;78;39;11;40;51;80;82;83,Discovery,4eba45f0e315,validation
scenario_1_e_b.j2,S1,13,30,msf-session,1,0,T1033,T1033,28,Discovery,4eba45f0e315,validation
scenario_1_e_b.j2,S1,14,30,msf-session,1,0,T1053,T1053,4,Execution,4eba45f0e315,validation
scenario_1_e_b.j2,S1,15,30,msf-session,1,0,T1053,T1053,4,Execution,4eba45f0e315,validation
scenario_1_e_b.j2,S1,16,30,msf-session,1,0,T1059,T1059,2,Execution,4eba45f0e315,validation
scenario_1_e_b.j2,S1,17,30,msf-session,1,0,T1059,T1059,2,Execution,4eba45f0e315,validation
scenario_1_e_b.j2,S1,18,30,msf-session,1,0,T1059,T1059,2,Execution,4eba45f0e315,validation
scenario_1_e_b.j2,S1,19,30,msf-session,1,0,T1059,T1059,2,Execution,4eba45f0e315,validation
scenario_1_e_b.j2,S1,20,30,msf-session,1,0,T1033,T1033,28,Discovery,4eba45f0e315,validation
scenario_1_e_b.j2,S1,21,30,msf-session,2,1,T1105;T1136.001,T1105;T1136,43;49,Command and Control;Persistence,4eba45f0e315,validation
scenario_1_e_b.j2,S1,22,30,msf-session,1,0,T1033,T1033,28,Discovery,4eba45f0e315,validation
scenario_1_e_b.j2,S1,23,30,msf-session,1,0,T1070.004,T1070,34,Defense Evasion,4eba45f0e315,validation
scenario_1_e_b.j2,S1,24,30,ssh,1,0,T1033,T1033,28,Discovery,4eba45f0e315,validation
scenario_1_e_b.j2,S1,25,30,ssh,1,0,T1003.008,T1003,23,Credential Access,4eba45f0e315,validation
scenario_1_e_b.j2,S1,26,30,ssh,1,0,T1120,T1120,46,Discovery,4eba45f0e315,validation
scenario_1_e_b.j2,S1,27,30,ssh,1,0,T1120,T1120,46,Discovery,4eba45f0e315,validation
scenario_1_e_b.j2,S1,28,30,ssh,1,0,T1124,T1124,47,Discovery,4eba45f0e315,validation
scenario_1_e_b.j2,S1,29,30,ssh,1,0,T1497.001,T1497,59,Defense Evasion,4eba45f0e315,validation
scenario_1_e_c.j2,S1,0,30,shell,2,1,T1590.002;T1591,T1590;T1591,72;73,Reconnaissance,a398dbd2671c,validation
scenario_1_e_c.j2,S1,1,30,shell,2,1,T1595;T1592.002,T1592;T1595,74;75,Reconnaissance,a398dbd2671c,validation
scenario_1_e_c.j2,S1,2,30,shell,1,0,T1595.002,T1595,75,Reconnaissance,a398dbd2671c,validation
scenario_1_e_c.j2,S1,3,30,shell,1,0,T1595.003,T1595,75,Reconnaissance,a398dbd2671c,validation
scenario_1_e_c.j2,S1,4,30,msf-module,2,1,T1190;T1059.006,T1059;T1190,2;0,Initial Access,a398dbd2671c,validation
scenario_1_e_c.j2,S1,5,30,msf-session,1,0,T1105,T1105,43,Command and Control,a398dbd2671c,validation
scenario_1_e_c.j2,S1,6,30,msf-session,1,0,T1059,T1059,2,Execution,a398dbd2671c,validation
scenario_1_e_c.j2,S1,7,30,msf-session,1,0,T1059,T1059,2,Execution,a398dbd2671c,validation
scenario_1_e_c.j2,S1,8,30,msf-session,1,0,T1059,T1059,2,Execution,a398dbd2671c,validation
scenario_1_e_c.j2,S1,9,30,msf-session,1,0,T1059,T1059,2,Execution,a398dbd2671c,validation
scenario_1_e_c.j2,S1,10,30,msf-session,1,0,T1059,T1059,2,Execution,a398dbd2671c,validation
scenario_1_e_c.j2,S1,11,30,msf-session,1,0,T1059,T1059,2,Execution,a398dbd2671c,validation
scenario_1_e_c.j2,S1,12,30,msf-session,13,1,T1087;T1083;T1201;T1069;T1057;T1518;T1082;T1614;T1016;T1049;T1033;T1007;T1615,T1007;T1016;T1033;T1049;T1057;T1069;T1082;T1083;T1087;T1201;T1518;T1614;T1615,24;10;28;31;33;78;39;11;40;51;80;82;83,Discovery,a398dbd2671c,validation
scenario_1_e_c.j2,S1,13,30,msf-session,1,0,T1033,T1033,28,Discovery,a398dbd2671c,validation
scenario_1_e_c.j2,S1,14,30,msf-session,1,0,T1053,T1053,4,Execution,a398dbd2671c,validation
scenario_1_e_c.j2,S1,15,30,msf-session,1,0,T1053,T1053,4,Execution,a398dbd2671c,validation
scenario_1_e_c.j2,S1,16,30,msf-session,1,0,T1059,T1059,2,Execution,a398dbd2671c,validation
scenario_1_e_c.j2,S1,17,30,msf-session,1,0,T1059,T1059,2,Execution,a398dbd2671c,validation
scenario_1_e_c.j2,S1,18,30,msf-session,1,0,T1059,T1059,2,Execution,a398dbd2671c,validation
scenario_1_e_c.j2,S1,19,30,msf-session,1,0,T1059,T1059,2,Execution,a398dbd2671c,validation
scenario_1_e_c.j2,S1,20,30,msf-session,1,0,T1033,T1033,28,Discovery,a398dbd2671c,validation
scenario_1_e_c.j2,S1,21,30,msf-session,2,1,T1105;T1556.003,T1105;T1556,43;65,Command and Control;Persistence,a398dbd2671c,validation
scenario_1_e_c.j2,S1,22,30,msf-session,1,0,T1033,T1033,28,Discovery,a398dbd2671c,validation
scenario_1_e_c.j2,S1,23,30,msf-session,1,0,T1070.004,T1070,34,Defense Evasion,a398dbd2671c,validation
scenario_1_e_c.j2,S1,24,30,ssh,1,0,T1033,T1033,28,Discovery,a398dbd2671c,validation
scenario_1_e_c.j2,S1,25,30,ssh,1,0,T1003.008,T1003,23,Credential Access,a398dbd2671c,validation
scenario_1_e_c.j2,S1,26,30,ssh,1,0,T1120,T1120,46,Discovery,a398dbd2671c,validation
scenario_1_e_c.j2,S1,27,30,ssh,1,0,T1120,T1120,46,Discovery,a398dbd2671c,validation
scenario_1_e_c.j2,S1,28,30,ssh,1,0,T1124,T1124,47,Discovery,a398dbd2671c,validation
scenario_1_e_c.j2,S1,29,30,ssh,1,0,T1497.001,T1497,59,Defense Evasion,a398dbd2671c,validation
scenario_1_f_a.j2,S1,0,27,shell,2,1,T1590.002;T1591,T1590;T1591,72;73,Reconnaissance,c898ff609021,train
scenario_1_f_a.j2,S1,1,27,shell,2,1,T1595;T1592.002,T1592;T1595,74;75,Reconnaissance,c898ff609021,train
scenario_1_f_a.j2,S1,2,27,shell,1,0,T1595.002,T1595,75,Reconnaissance,c898ff609021,train
scenario_1_f_a.j2,S1,3,27,shell,1,0,T1595.003,T1595,75,Reconnaissance,c898ff609021,train
scenario_1_f_a.j2,S1,4,27,msf-module,2,1,T1190;T1059.006,T1059;T1190,2;0,Initial Access,c898ff609021,train
scenario_1_f_a.j2,S1,5,27,msf-session,1,0,T1105,T1105,43,Command and Control,c898ff609021,train
scenario_1_f_a.j2,S1,6,27,msf-session,1,0,T1059,T1059,2,Execution,c898ff609021,train
scenario_1_f_a.j2,S1,7,27,msf-session,1,0,T1059,T1059,2,Execution,c898ff609021,train
scenario_1_f_a.j2,S1,8,27,msf-session,1,0,T1059,T1059,2,Execution,c898ff609021,train
scenario_1_f_a.j2,S1,9,27,msf-session,1,0,T1059,T1059,2,Execution,c898ff609021,train
scenario_1_f_a.j2,S1,10,27,msf-session,1,0,T1059,T1059,2,Execution,c898ff609021,train
scenario_1_f_a.j2,S1,11,27,msf-session,1,0,T1059,T1059,2,Execution,c898ff609021,train
scenario_1_f_a.j2,S1,12,27,msf-session,13,1,T1087;T1083;T1201;T1069;T1057;T1518;T1082;T1614;T1016;T1049;T1033;T1007;T1615,T1007;T1016;T1033;T1049;T1057;T1069;T1082;T1083;T1087;T1201;T1518;T1614;T1615,24;10;28;31;33;78;39;11;40;51;80;82;83,Discovery,c898ff609021,train
scenario_1_f_a.j2,S1,13,27,msf-session,1,0,T1033,T1033,28,Discovery,c898ff609021,train
scenario_1_f_a.j2,S1,14,27,msf-session,1,0,T1078.003,T1078,37,Defense Evasion,c898ff609021,train
scenario_1_f_a.j2,S1,15,27,msf-session,1,0,T1078.003,T1078,37,Defense Evasion,c898ff609021,train
scenario_1_f_a.j2,S1,16,27,msf-session,1,0,T1033,T1033,28,Discovery,c898ff609021,train
scenario_1_f_a.j2,S1,17,27,msf-session,2,1,T1105;T1098.004,T1098;T1105,42;43,Command and Control;Persistence,c898ff609021,train
scenario_1_f_a.j2,S1,18,27,msf-session,2,1,T1218;T1098.004,T1098;T1218,42;79,Defense Evasion;Persistence,c898ff609021,train
scenario_1_f_a.j2,S1,19,27,msf-session,1,0,T1070.004,T1070,34,Defense Evasion,c898ff609021,train
scenario_1_f_a.j2,S1,20,27,msf-session,1,0,T1070.004,T1070,34,Defense Evasion,c898ff609021,train
scenario_1_f_a.j2,S1,21,27,ssh,1,0,T1033,T1033,28,Discovery,c898ff609021,train
scenario_1_f_a.j2,S1,22,27,ssh,1,0,T1003.008,T1003,23,Credential Access,c898ff609021,train
scenario_1_f_a.j2,S1,23,27,ssh,1,0,T1120,T1120,46,Discovery,c898ff609021,train
scenario_1_f_a.j2,S1,24,27,ssh,1,0,T1120,T1120,46,Discovery,c898ff609021,train
scenario_1_f_a.j2,S1,25,27,ssh,1,0,T1124,T1124,47,Discovery,c898ff609021,train
scenario_1_f_a.j2,S1,26,27,ssh,1,0,T1497.001,T1497,59,Defense Evasion,c898ff609021,train
scenario_1_f_b.j2,S1,0,27,shell,2,1,T1590.002;T1591,T1590;T1591,72;73,Reconnaissance,d2d2de0e2802,train
scenario_1_f_b.j2,S1,1,27,shell,2,1,T1595;T1592.002,T1592;T1595,74;75,Reconnaissance,d2d2de0e2802,train
scenario_1_f_b.j2,S1,2,27,shell,1,0,T1595.002,T1595,75,Reconnaissance,d2d2de0e2802,train
scenario_1_f_b.j2,S1,3,27,shell,1,0,T1595.003,T1595,75,Reconnaissance,d2d2de0e2802,train
scenario_1_f_b.j2,S1,4,27,msf-module,2,1,T1190;T1059.006,T1059;T1190,2;0,Initial Access,d2d2de0e2802,train
scenario_1_f_b.j2,S1,5,27,msf-session,1,0,T1105,T1105,43,Command and Control,d2d2de0e2802,train
scenario_1_f_b.j2,S1,6,27,msf-session,1,0,T1059,T1059,2,Execution,d2d2de0e2802,train
scenario_1_f_b.j2,S1,7,27,msf-session,1,0,T1059,T1059,2,Execution,d2d2de0e2802,train
scenario_1_f_b.j2,S1,8,27,msf-session,1,0,T1059,T1059,2,Execution,d2d2de0e2802,train
scenario_1_f_b.j2,S1,9,27,msf-session,1,0,T1059,T1059,2,Execution,d2d2de0e2802,train
scenario_1_f_b.j2,S1,10,27,msf-session,1,0,T1059,T1059,2,Execution,d2d2de0e2802,train
scenario_1_f_b.j2,S1,11,27,msf-session,1,0,T1059,T1059,2,Execution,d2d2de0e2802,train
scenario_1_f_b.j2,S1,12,27,msf-session,13,1,T1087;T1083;T1201;T1069;T1057;T1518;T1082;T1614;T1016;T1049;T1033;T1007;T1615,T1007;T1016;T1033;T1049;T1057;T1069;T1082;T1083;T1087;T1201;T1518;T1614;T1615,24;10;28;31;33;78;39;11;40;51;80;82;83,Discovery,d2d2de0e2802,train
scenario_1_f_b.j2,S1,13,27,msf-session,1,0,T1033,T1033,28,Discovery,d2d2de0e2802,train
scenario_1_f_b.j2,S1,14,27,msf-session,1,0,T1078.003,T1078,37,Defense Evasion,d2d2de0e2802,train
scenario_1_f_b.j2,S1,15,27,msf-session,1,0,T1078.003,T1078,37,Defense Evasion,d2d2de0e2802,train
scenario_1_f_b.j2,S1,16,27,msf-session,1,0,T1033,T1033,28,Discovery,d2d2de0e2802,train
scenario_1_f_b.j2,S1,17,27,msf-session,2,1,T1105;T1136.001,T1105;T1136,43;49,Command and Control;Persistence,d2d2de0e2802,train
scenario_1_f_b.j2,S1,18,27,msf-session,2,1,T1218;T1136.001,T1136;T1218,49;79,Defense Evasion;Persistence,d2d2de0e2802,train
scenario_1_f_b.j2,S1,19,27,msf-session,1,0,T1070.004,T1070,34,Defense Evasion,d2d2de0e2802,train
scenario_1_f_b.j2,S1,20,27,msf-session,1,0,T1070.004,T1070,34,Defense Evasion,d2d2de0e2802,train
scenario_1_f_b.j2,S1,21,27,ssh,1,0,T1033,T1033,28,Discovery,d2d2de0e2802,train
scenario_1_f_b.j2,S1,22,27,ssh,1,0,T1003.008,T1003,23,Credential Access,d2d2de0e2802,train
scenario_1_f_b.j2,S1,23,27,ssh,1,0,T1120,T1120,46,Discovery,d2d2de0e2802,train
scenario_1_f_b.j2,S1,24,27,ssh,1,0,T1120,T1120,46,Discovery,d2d2de0e2802,train
scenario_1_f_b.j2,S1,25,27,ssh,1,0,T1124,T1124,47,Discovery,d2d2de0e2802,train
scenario_1_f_b.j2,S1,26,27,ssh,1,0,T1497.001,T1497,59,Defense Evasion,d2d2de0e2802,train
scenario_1_f_c.j2,S1,0,27,shell,2,1,T1590.002;T1591,T1590;T1591,72;73,Reconnaissance,3a0e4e92c097,train
scenario_1_f_c.j2,S1,1,27,shell,2,1,T1595;T1592.002,T1592;T1595,74;75,Reconnaissance,3a0e4e92c097,train
scenario_1_f_c.j2,S1,2,27,shell,1,0,T1595.002,T1595,75,Reconnaissance,3a0e4e92c097,train
scenario_1_f_c.j2,S1,3,27,shell,1,0,T1595.003,T1595,75,Reconnaissance,3a0e4e92c097,train
scenario_1_f_c.j2,S1,4,27,msf-module,2,1,T1190;T1059.006,T1059;T1190,2;0,Initial Access,3a0e4e92c097,train
scenario_1_f_c.j2,S1,5,27,msf-session,1,0,T1105,T1105,43,Command and Control,3a0e4e92c097,train
scenario_1_f_c.j2,S1,6,27,msf-session,1,0,T1059,T1059,2,Execution,3a0e4e92c097,train
scenario_1_f_c.j2,S1,7,27,msf-session,1,0,T1059,T1059,2,Execution,3a0e4e92c097,train
scenario_1_f_c.j2,S1,8,27,msf-session,1,0,T1059,T1059,2,Execution,3a0e4e92c097,train
scenario_1_f_c.j2,S1,9,27,msf-session,1,0,T1059,T1059,2,Execution,3a0e4e92c097,train
scenario_1_f_c.j2,S1,10,27,msf-session,1,0,T1059,T1059,2,Execution,3a0e4e92c097,train
scenario_1_f_c.j2,S1,11,27,msf-session,1,0,T1059,T1059,2,Execution,3a0e4e92c097,train
scenario_1_f_c.j2,S1,12,27,msf-session,13,1,T1087;T1083;T1201;T1069;T1057;T1518;T1082;T1614;T1016;T1049;T1033;T1007;T1615,T1007;T1016;T1033;T1049;T1057;T1069;T1082;T1083;T1087;T1201;T1518;T1614;T1615,24;10;28;31;33;78;39;11;40;51;80;82;83,Discovery,3a0e4e92c097,train
scenario_1_f_c.j2,S1,13,27,msf-session,1,0,T1033,T1033,28,Discovery,3a0e4e92c097,train
scenario_1_f_c.j2,S1,14,27,msf-session,1,0,T1078.003,T1078,37,Defense Evasion,3a0e4e92c097,train
scenario_1_f_c.j2,S1,15,27,msf-session,1,0,T1078.003,T1078,37,Defense Evasion,3a0e4e92c097,train
scenario_1_f_c.j2,S1,16,27,msf-session,1,0,T1033,T1033,28,Discovery,3a0e4e92c097,train
scenario_1_f_c.j2,S1,17,27,msf-session,2,1,T1105;T1556.003,T1105;T1556,43;65,Command and Control;Persistence,3a0e4e92c097,train
scenario_1_f_c.j2,S1,18,27,msf-session,2,1,T1218;T1556.003,T1218;T1556,79;65,Defense Evasion;Persistence,3a0e4e92c097,train
scenario_1_f_c.j2,S1,19,27,msf-session,1,0,T1070.004,T1070,34,Defense Evasion,3a0e4e92c097,train
scenario_1_f_c.j2,S1,20,27,msf-session,1,0,T1070.004,T1070,34,Defense Evasion,3a0e4e92c097,train
scenario_1_f_c.j2,S1,21,27,ssh,1,0,T1033,T1033,28,Discovery,3a0e4e92c097,train
scenario_1_f_c.j2,S1,22,27,ssh,1,0,T1003.008,T1003,23,Credential Access,3a0e4e92c097,train
scenario_1_f_c.j2,S1,23,27,ssh,1,0,T1120,T1120,46,Discovery,3a0e4e92c097,train
scenario_1_f_c.j2,S1,24,27,ssh,1,0,T1120,T1120,46,Discovery,3a0e4e92c097,train
scenario_1_f_c.j2,S1,25,27,ssh,1,0,T1124,T1124,47,Discovery,3a0e4e92c097,train
scenario_1_f_c.j2,S1,26,27,ssh,1,0,T1497.001,T1497,59,Defense Evasion,3a0e4e92c097,train
scenario_2_a_a.j2,S2,0,21,ssh,1,0,T1021.004,T1021,12,Lateral Movement,6901ce9ca6b6,train
scenario_2_a_a.j2,S2,1,21,sliver,2,1,T1071.001;T1573.001,T1071;T1573,35;70,Command and Control,6901ce9ca6b6,train
scenario_2_a_a.j2,S2,2,21,sftp,1,0,T1105,T1105,43,Command and Control,6901ce9ca6b6,train
scenario_2_a_a.j2,S2,3,21,ssh,2,1,T1547;T1569,T1547;T1569,6;69,Execution;Persistence,6901ce9ca6b6,train
scenario_2_a_a.j2,S2,4,21,sliver-session,1,0,T1083,T1083,11,Discovery,6901ce9ca6b6,train
scenario_2_a_a.j2,S2,5,21,sliver-session,1,0,T1057,T1057,33,Discovery,6901ce9ca6b6,train
scenario_2_a_a.j2,S2,6,21,regex,1,0,T1007,T1007,24,Discovery,6901ce9ca6b6,train
scenario_2_a_a.j2,S2,7,21,sliver-session,1,0,T1003,T1003,23,Credential Access,6901ce9ca6b6,train
scenario_2_a_a.j2,S2,8,21,sliver-session,1,0,T1049,T1049,31,Discovery,6901ce9ca6b6,train
scenario_2_a_a.j2,S2,9,21,sliver-session,1,0,T1016,T1016,10,Discovery,6901ce9ca6b6,train
scenario_2_a_a.j2,S2,10,21,sliver-session,2,1,T1003.008;T1041,T1003;T1041,23;17,Collection;Credential Access,6901ce9ca6b6,train
scenario_2_a_a.j2,S2,11,21,sliver-session,2,1,T1560.001;T1074.001,T1074;T1560,36;16,Collection;Exfiltration,6901ce9ca6b6,train
scenario_2_a_a.j2,S2,12,21,sliver-session,1,0,T1041,T1041,17,Exfiltration,6901ce9ca6b6,train
scenario_2_a_a.j2,S2,13,21,sliver-session,1,0,T1070.004,T1070,34,Defense Evasion,6901ce9ca6b6,train
scenario_2_a_a.j2,S2,14,21,sliver-session,1,0,T1005,T1005,15,Collection,6901ce9ca6b6,train
scenario_2_a_a.j2,S2,15,21,sliver-session,1,0,T1201,T1201,51,Discovery,6901ce9ca6b6,train
scenario_2_a_a.j2,S2,16,21,sliver-session,1,0,T1003.008,T1003,23,Discovery,6901ce9ca6b6,train
scenario_2_a_a.j2,S2,17,21,sliver-session,1,0,T1201,T1201,51,Discovery,6901ce9ca6b6,train
scenario_2_a_a.j2,S2,18,21,sliver-session,3,1,T1105;T1046;T1018,T1018;T1046;T1105,27;9;43,Command and Control,6901ce9ca6b6,train
scenario_2_a_a.j2,S2,19,21,sliver-session,2,1,T1046;T1018,T1018;T1046,27;9,Discovery,6901ce9ca6b6,train
scenario_2_a_a.j2,S2,20,21,sliver-session,2,1,T1046;T1018,T1018;T1046,27;9,Discovery,6901ce9ca6b6,train
scenario_2_a_c.j2,S2,0,26,ssh,1,0,T1021,T1021,12,Lateral Movement,f11ce5a22435,train
scenario_2_a_c.j2,S2,1,26,sftp,1,0,T1105,T1105,43,Command and Control,f11ce5a22435,train
scenario_2_a_c.j2,S2,2,26,sliver,2,1,T1071.001;T1573,T1071;T1573,35;70,Command and Control,f11ce5a22435,train
scenario_2_a_c.j2,S2,3,26,sftp,1,0,T1105,T1105,43,Command and Control,f11ce5a22435,train
scenario_2_a_c.j2,S2,4,26,ssh,1,0,T1543.002,T1543,5,Persistence,f11ce5a22435,train
scenario_2_a_c.j2,S2,5,26,ssh,1,0,T1543.002,T1543,5,Persistence,f11ce5a22435,train
scenario_2_a_c.j2,S2,6,26,ssh,3,1,T1014;T1564;T1574,T1014;T1564;T1574,26;67;21,Persistence,f11ce5a22435,train
scenario_2_a_c.j2,S2,7,26,ssh,1,0,T1543.002,T1543,5,Persistence,f11ce5a22435,train
scenario_2_a_c.j2,S2,8,26,ssh,1,0,T1543.002,T1543,5,Persistence,f11ce5a22435,train
scenario_2_a_c.j2,S2,9,26,sliver-session,1,0,T1083,T1083,11,Discovery,f11ce5a22435,train
scenario_2_a_c.j2,S2,10,26,sliver-session,1,0,T1057,T1057,33,Discovery,f11ce5a22435,train
scenario_2_a_c.j2,S2,11,26,regex,1,0,T1007,T1007,24,Discovery,f11ce5a22435,train
scenario_2_a_c.j2,S2,12,26,sliver-session,1,0,T1003,T1003,23,Credential Access,f11ce5a22435,train
scenario_2_a_c.j2,S2,13,26,sliver-session,1,0,T1049,T1049,31,Discovery,f11ce5a22435,train
scenario_2_a_c.j2,S2,14,26,sliver-session,1,0,T1016,T1016,10,Discovery,f11ce5a22435,train
scenario_2_a_c.j2,S2,15,26,sliver-session,2,1,T1003.008;T1041,T1003;T1041,23;17,Collection;Credential Access,f11ce5a22435,train
scenario_2_a_c.j2,S2,16,26,sliver-session,2,1,T1560.001;T1074.001,T1074;T1560,36;16,Collection;Exfiltration,f11ce5a22435,train
scenario_2_a_c.j2,S2,17,26,sliver-session,1,0,T1041,T1041,17,Exfiltration,f11ce5a22435,train
scenario_2_a_c.j2,S2,18,26,sliver-session,1,0,T1070.004,T1070,34,Defense Evasion,f11ce5a22435,train
scenario_2_a_c.j2,S2,19,26,sliver-session,1,0,T1005,T1005,15,Collection,f11ce5a22435,train
scenario_2_a_c.j2,S2,20,26,sliver-session,1,0,T1201,T1201,51,Discovery,f11ce5a22435,train
scenario_2_a_c.j2,S2,21,26,sliver-session,1,0,T1003.008,T1003,23,Discovery,f11ce5a22435,train
scenario_2_a_c.j2,S2,22,26,sliver-session,1,0,T1201,T1201,51,Discovery,f11ce5a22435,train
scenario_2_a_c.j2,S2,23,26,sliver-session,3,1,T1105;T1046;T1018,T1018;T1046;T1105,27;9;43,Command and Control,f11ce5a22435,train
scenario_2_a_c.j2,S2,24,26,sliver-session,2,1,T1046;T1018,T1018;T1046,27;9,Discovery,f11ce5a22435,train
scenario_2_a_c.j2,S2,25,26,sliver-session,2,1,T1046;T1018,T1018;T1046,27;9,Discovery,f11ce5a22435,train
scenario_3_a_a.j2,S3,0,20,shell,3,1,T1078.002;T1110.001;T1133,T1078;T1110;T1133,37;44;48,Initial Access,10def2d5461c,train
scenario_3_a_a.j2,S3,1,20,ssh,1,0,T1078.002,T1078,37,Initial Access,10def2d5461c,train
scenario_3_a_a.j2,S3,2,20,ssh,1,0,T1040,T1040,30,Credential Access,10def2d5461c,train
scenario_3_a_a.j2,S3,3,20,ssh,1,0,T1078.003,T1078,37,Privilege Escalation,10def2d5461c,train
scenario_3_a_a.j2,S3,4,20,ssh,1,0,T1078.003,T1078,37,Privilege Escalation,10def2d5461c,train
scenario_3_a_a.j2,S3,5,20,ssh,1,0,T1003.008,T1003,23,Credential Access,10def2d5461c,train
scenario_3_a_a.j2,S3,6,20,ssh,1,0,T1213,T1213,54,Collection,10def2d5461c,train
scenario_3_a_a.j2,S3,7,20,ssh,1,0,T1039,T1039,29,Collection,10def2d5461c,train
scenario_3_a_a.j2,S3,8,20,ssh,1,0,T1080,T1080,38,Lateral Movement,10def2d5461c,train
scenario_3_a_a.j2,S3,9,20,ssh,1,0,T1080,T1080,38,Lateral Movement,10def2d5461c,train
scenario_3_a_a.j2,S3,10,20,msf-session,1,0,T1082,T1082,39,Discovery,10def2d5461c,train
scenario_3_a_a.j2,S3,11,20,msf-session,1,0,T1033,T1033,28,Discovery,10def2d5461c,train
scenario_3_a_a.j2,S3,12,20,msf-session,2,1,T1486;T1105,T1105;T1486,43;18,Command and Control;Impact,10def2d5461c,train
scenario_3_a_a.j2,S3,13,20,msf-session,2,1,T1486;T1565.001,T1486;T1565,18;68,Impact,10def2d5461c,train
scenario_3_a_a.j2,S3,14,20,msf-session,1,0,T1018,T1018,27,Discovery,10def2d5461c,train
scenario_3_a_a.j2,S3,15,20,msf-session,1,0,T1087.001,T1087,40,Discovery,10def2d5461c,train
scenario_3_a_a.j2,S3,16,20,msf-session,1,0,T1531,T1531,62,Impact,10def2d5461c,train
scenario_3_a_a.j2,S3,17,20,msf-session,1,0,T1485,T1485,57,Impact,10def2d5461c,train
scenario_3_a_a.j2,S3,18,20,msf-session,1,0,T1490,T1490,58,Impact,10def2d5461c,train
scenario_3_a_a.j2,S3,19,20,msf-session,1,0,T1489,T1489,19,Impact,10def2d5461c,train
scenario_3_a_b.j2,S3,0,20,shell,3,1,T1078.002;T1110.001;T1133,T1078;T1110;T1133,37;44;48,Initial Access,5fd306c58b89,test
scenario_3_a_b.j2,S3,1,20,ssh,1,0,T1078.002,T1078,37,Initial Access,5fd306c58b89,test
scenario_3_a_b.j2,S3,2,20,ssh,1,0,T1040,T1040,30,Credential Access,5fd306c58b89,test
scenario_3_a_b.j2,S3,3,20,ssh,1,0,T1078.003,T1078,37,Privilege Escalation,5fd306c58b89,test
scenario_3_a_b.j2,S3,4,20,ssh,1,0,T1078.003,T1078,37,Privilege Escalation,5fd306c58b89,test
scenario_3_a_b.j2,S3,5,20,ssh,1,0,T1003.008,T1003,23,Credential Access,5fd306c58b89,test
scenario_3_a_b.j2,S3,6,20,ssh,1,0,T1213,T1213,54,Collection,5fd306c58b89,test
scenario_3_a_b.j2,S3,7,20,ssh,1,0,T1039,T1039,29,Collection,5fd306c58b89,test
scenario_3_a_b.j2,S3,8,20,ssh,2,1,T1071;T1105,T1071;T1105,35;43,Command and Control;Execution,5fd306c58b89,test
scenario_3_a_b.j2,S3,9,20,msf-session,1,0,T1082,T1082,39,Discovery,5fd306c58b89,test
scenario_3_a_b.j2,S3,10,20,msf-session,1,0,T1572,T1572,81,Command and Control,5fd306c58b89,test
scenario_3_a_b.j2,S3,11,20,msf-module,1,0,T1210,T1210,53,Lateral Movement,5fd306c58b89,test
scenario_3_a_b.j2,S3,12,20,msf-session,2,1,T1486;T1105,T1105;T1486,43;18,Command and Control;Impact,5fd306c58b89,test
scenario_3_a_b.j2,S3,13,20,msf-session,2,1,T1486;T1565.001,T1486;T1565,18;68,Impact,5fd306c58b89,test
scenario_3_a_b.j2,S3,14,20,msf-session,1,0,T1018,T1018,27,Discovery,5fd306c58b89,test
scenario_3_a_b.j2,S3,15,20,msf-session,1,0,T1087.001,T1087,40,Discovery,5fd306c58b89,test
scenario_3_a_b.j2,S3,16,20,msf-session,1,0,T1531,T1531,62,Impact,5fd306c58b89,test
scenario_3_a_b.j2,S3,17,20,msf-session,1,0,T1485,T1485,57,Impact,5fd306c58b89,test
scenario_3_a_b.j2,S3,18,20,msf-session,1,0,T1490,T1490,58,Impact,5fd306c58b89,test
scenario_3_a_b.j2,S3,19,20,msf-session,1,0,T1489,T1489,19,Impact,5fd306c58b89,test
scenario_3_a_c.j2,S3,0,26,shell,3,1,T1078.002;T1110.001;T1133,T1078;T1110;T1133,37;44;48,Initial Access,e39a40493ec5,validation
scenario_3_a_c.j2,S3,1,26,ssh,1,0,T1078.002,T1078,37,Initial Access,e39a40493ec5,validation
scenario_3_a_c.j2,S3,2,26,ssh,1,0,T1040,T1040,30,Credential Access,e39a40493ec5,validation
scenario_3_a_c.j2,S3,3,26,ssh,1,0,T1078.003,T1078,37,Privilege Escalation,e39a40493ec5,validation
scenario_3_a_c.j2,S3,4,26,ssh,1,0,T1078.003,T1078,37,Privilege Escalation,e39a40493ec5,validation
scenario_3_a_c.j2,S3,5,26,ssh,1,0,T1003.008,T1003,23,Credential Access,e39a40493ec5,validation
scenario_3_a_c.j2,S3,6,26,ssh,1,0,T1213,T1213,54,Collection,e39a40493ec5,validation
scenario_3_a_c.j2,S3,7,26,ssh,1,0,T1039,T1039,29,Collection,e39a40493ec5,validation
scenario_3_a_c.j2,S3,8,26,ssh,1,0,T1083,T1083,11,Discovery,e39a40493ec5,validation
scenario_3_a_c.j2,S3,9,26,ssh,1,0,T1059.004,T1059,2,Execution,e39a40493ec5,validation
scenario_3_a_c.j2,S3,10,26,ssh,2,1,T1036.005;T1564.001,T1036;T1564,20;67,Defense Evasion,e39a40493ec5,validation
scenario_3_a_c.j2,S3,11,26,ssh,1,0,T1574,T1574,21,Persistence,e39a40493ec5,validation
scenario_3_a_c.j2,S3,12,26,ssh,2,1,T1059;T1574,T1059;T1574,2;21,Execution,e39a40493ec5,validation
scenario_3_a_c.j2,S3,13,26,ssh,2,1,T1059;T1574,T1059;T1574,2;21,Execution,e39a40493ec5,validation
scenario_3_a_c.j2,S3,14,26,ssh,3,1,T1053.003;T1105;T1071.001,T1053;T1071;T1105,4;35;43,Command and Control;Persistence,e39a40493ec5,validation
scenario_3_a_c.j2,S3,15,26,ssh,3,1,T1053.003;T1105;T1071.001,T1053;T1071;T1105,4;35;43,Command and Control;Persistence,e39a40493ec5,validation
scenario_3_a_c.j2,S3,16,26,ssh,1,0,T1072,T1072,14,Execution,e39a40493ec5,validation
scenario_3_a_c.j2,S3,17,26,ssh,1,0,T1072,T1072,14,Execution,e39a40493ec5,validation
scenario_3_a_c.j2,S3,18,26,msf-session,2,1,T1486;T1105,T1105;T1486,43;18,Command and Control;Impact,e39a40493ec5,validation
scenario_3_a_c.j2,S3,19,26,msf-session,2,1,T1486;T1565.001,T1486;T1565,18;68,Impact,e39a40493ec5,validation
scenario_3_a_c.j2,S3,20,26,msf-session,1,0,T1018,T1018,27,Discovery,e39a40493ec5,validation
scenario_3_a_c.j2,S3,21,26,msf-session,1,0,T1087.001,T1087,40,Discovery,e39a40493ec5,validation
scenario_3_a_c.j2,S3,22,26,msf-session,1,0,T1531,T1531,62,Impact,e39a40493ec5,validation
scenario_3_a_c.j2,S3,23,26,msf-session,1,0,T1485,T1485,57,Impact,e39a40493ec5,validation
scenario_3_a_c.j2,S3,24,26,msf-session,1,0,T1490,T1490,58,Impact,e39a40493ec5,validation
scenario_3_a_c.j2,S3,25,26,msf-session,1,0,T1489,T1489,19,Impact,e39a40493ec5,validation
scenario_3_a_d.j2,S3,0,19,shell,3,1,T1078.002;T1110.001;T1133,T1078;T1110;T1133,37;44;48,Initial Access,9b4617885a75,validation
scenario_3_a_d.j2,S3,1,19,ssh,1,0,T1078.003,T1078,37,Initial Access,9b4617885a75,validation
scenario_3_a_d.j2,S3,2,19,ssh,1,0,T1040,T1040,30,Credential Access,9b4617885a75,validation
scenario_3_a_d.j2,S3,3,19,ssh,1,0,T1078.003,T1078,37,Privilege Escalation,9b4617885a75,validation
scenario_3_a_d.j2,S3,4,19,ssh,1,0,T1078.003,T1078,37,Privilege Escalation,9b4617885a75,validation
scenario_3_a_d.j2,S3,5,19,ssh,1,0,T1003.008,T1003,23,Credential Access,9b4617885a75,validation
scenario_3_a_d.j2,S3,6,19,ssh,1,0,T1213,T1213,54,Collection,9b4617885a75,validation
scenario_3_a_d.j2,S3,7,19,ssh,1,0,T1039,T1039,29,Collection,9b4617885a75,validation
scenario_3_a_d.j2,S3,8,19,ssh,3,1,T1072;T1105;T1059.004,T1059;T1072;T1105,2;14;43,Execution;Lateral Movement,9b4617885a75,validation
scenario_3_a_d.j2,S3,9,19,ssh,3,1,T1072;T1105;T1059.004,T1059;T1072;T1105,2;14;43,Execution;Lateral Movement,9b4617885a75,validation
scenario_3_a_d.j2,S3,10,19,ssh,3,1,T1072;T1105;T1059.004,T1059;T1072;T1105,2;14;43,Execution;Lateral Movement,9b4617885a75,validation
scenario_3_a_d.j2,S3,11,19,msf-session,2,1,T1486;T1105,T1105;T1486,43;18,Command and Control;Impact,9b4617885a75,validation
scenario_3_a_d.j2,S3,12,19,msf-session,2,1,T1486;T1565.001,T1486;T1565,18;68,Impact,9b4617885a75,validation
scenario_3_a_d.j2,S3,13,19,msf-session,1,0,T1018,T1018,27,Discovery,9b4617885a75,validation
scenario_3_a_d.j2,S3,14,19,msf-session,1,0,T1087.001,T1087,40,Discovery,9b4617885a75,validation
scenario_3_a_d.j2,S3,15,19,msf-session,1,0,T1531,T1531,62,Impact,9b4617885a75,validation
scenario_3_a_d.j2,S3,16,19,msf-session,1,0,T1485,T1485,57,Impact,9b4617885a75,validation
scenario_3_a_d.j2,S3,17,19,msf-session,1,0,T1490,T1490,58,Impact,9b4617885a75,validation
scenario_3_a_d.j2,S3,18,19,msf-session,1,0,T1489,T1489,19,Impact,9b4617885a75,validation
scenario_3_b_a.j2,S3,0,19,vnc,2,1,T1110.001;T1021.005,T1021;T1110,12;44,Credential Access;Lateral Movement,aea3fac8c64f,train
scenario_3_b_a.j2,S3,1,19,vnc,1,0,T1021.005,T1021,12,Lateral Movement,aea3fac8c64f,train
scenario_3_b_a.j2,S3,2,19,vnc,1,0,T1021.005,T1021,12,Lateral Movement,aea3fac8c64f,train
scenario_3_b_a.j2,S3,3,19,vnc,1,0,T1021.005,T1021,12,Lateral Movement,aea3fac8c64f,train
scenario_3_b_a.j2,S3,4,19,vnc,1,0,T1003.008,T1003,23,Credential Access,aea3fac8c64f,train
scenario_3_b_a.j2,S3,5,19,vnc,1,0,T1213,T1213,54,Collection,aea3fac8c64f,train
scenario_3_b_a.j2,S3,6,19,vnc,1,0,T1039,T1039,29,Collection,aea3fac8c64f,train
scenario_3_b_a.j2,S3,7,19,vnc,5,1,T1105;T1059.004;T1053.003;T1021.005;T1071.001,T1021;T1053;T1059;T1071;T1105,12;4;2;35;43,Command and Control;Defense Evasion;Execution;Persistence,aea3fac8c64f,train
scenario_3_b_a.j2,S3,8,19,vnc,1,0,T1021.005,T1021,12,Lateral Movement,aea3fac8c64f,train
scenario_3_b_a.j2,S3,9,19,msf-session,1,0,T1082,T1082,39,Discovery,aea3fac8c64f,train
scenario_3_b_a.j2,S3,10,19,msf-session,1,0,T1033,T1033,28,Discovery,aea3fac8c64f,train
scenario_3_b_a.j2,S3,11,19,msf-session,2,1,T1486;T1105,T1105;T1486,43;18,Command and Control;Impact,aea3fac8c64f,train
scenario_3_b_a.j2,S3,12,19,msf-session,2,1,T1486;T1565.001,T1486;T1565,18;68,Impact,aea3fac8c64f,train
scenario_3_b_a.j2,S3,13,19,msf-session,1,0,T1018,T1018,27,Discovery,aea3fac8c64f,train
scenario_3_b_a.j2,S3,14,19,msf-session,1,0,T1087.001,T1087,40,Discovery,aea3fac8c64f,train
scenario_3_b_a.j2,S3,15,19,msf-session,1,0,T1531,T1531,62,Impact,aea3fac8c64f,train
scenario_3_b_a.j2,S3,16,19,msf-session,1,0,T1485,T1485,57,Impact,aea3fac8c64f,train
scenario_3_b_a.j2,S3,17,19,msf-session,1,0,T1490,T1490,58,Impact,aea3fac8c64f,train
scenario_3_b_a.j2,S3,18,19,msf-session,1,0,T1489,T1489,19,Impact,aea3fac8c64f,train
scenario_3_b_b.j2,S3,0,21,vnc,2,1,T1110.001;T1021.005,T1021;T1110,12;44,Credential Access;Lateral Movement,339f6d168b5d,test
scenario_3_b_b.j2,S3,1,21,vnc,1,0,T1021.005,T1021,12,Lateral Movement,339f6d168b5d,test
scenario_3_b_b.j2,S3,2,21,vnc,1,0,T1021.005,T1021,12,Lateral Movement,339f6d168b5d,test
scenario_3_b_b.j2,S3,3,21,vnc,1,0,T1021.005,T1021,12,Lateral Movement,339f6d168b5d,test
scenario_3_b_b.j2,S3,4,21,vnc,1,0,T1003.008,T1003,23,Credential Access,339f6d168b5d,test
scenario_3_b_b.j2,S3,5,21,vnc,1,0,T1213,T1213,54,Collection,339f6d168b5d,test
scenario_3_b_b.j2,S3,6,21,vnc,1,0,T1039,T1039,29,Collection,339f6d168b5d,test
scenario_3_b_b.j2,S3,7,21,vnc,1,0,T1021.005,T1021,12,Lateral Movement,339f6d168b5d,test
scenario_3_b_b.j2,S3,8,21,msf-session,1,0,T1082,T1082,39,Discovery,339f6d168b5d,test
scenario_3_b_b.j2,S3,9,21,msf-session,1,0,T1572,T1572,81,Command and Control,339f6d168b5d,test
scenario_3_b_b.j2,S3,10,21,msf-module,1,0,T1210,T1210,53,Lateral Movement,339f6d168b5d,test
scenario_3_b_b.j2,S3,11,21,msf-session,1,0,T1082,T1082,39,Discovery,339f6d168b5d,test
scenario_3_b_b.j2,S3,12,21,msf-session,1,0,T1033,T1033,28,Discovery,339f6d168b5d,test
scenario_3_b_b.j2,S3,13,21,msf-session,2,1,T1486;T1105,T1105;T1486,43;18,Command and Control;Impact,339f6d168b5d,test
scenario_3_b_b.j2,S3,14,21,msf-session,2,1,T1486;T1565.001,T1486;T1565,18;68,Impact,339f6d168b5d,test
scenario_3_b_b.j2,S3,15,21,msf-session,1,0,T1018,T1018,27,Discovery,339f6d168b5d,test
scenario_3_b_b.j2,S3,16,21,msf-session,1,0,T1087.001,T1087,40,Discovery,339f6d168b5d,test
scenario_3_b_b.j2,S3,17,21,msf-session,1,0,T1531,T1531,62,Impact,339f6d168b5d,test
scenario_3_b_b.j2,S3,18,21,msf-session,1,0,T1485,T1485,57,Impact,339f6d168b5d,test
scenario_3_b_b.j2,S3,19,21,msf-session,1,0,T1490,T1490,58,Impact,339f6d168b5d,test
scenario_3_b_b.j2,S3,20,21,msf-session,1,0,T1489,T1489,19,Impact,339f6d168b5d,test
scenario_3_b_c.j2,S3,0,23,vnc,2,1,T1110.001;T1021.005,T1021;T1110,12;44,Credential Access;Lateral Movement,6e6919ea4e0f,train
scenario_3_b_c.j2,S3,1,23,vnc,1,0,T1021.005,T1021,12,Lateral Movement,6e6919ea4e0f,train
scenario_3_b_c.j2,S3,2,23,vnc,1,0,T1021.005,T1021,12,Lateral Movement,6e6919ea4e0f,train
scenario_3_b_c.j2,S3,3,23,vnc,1,0,T1021.005,T1021,12,Lateral Movement,6e6919ea4e0f,train
scenario_3_b_c.j2,S3,4,23,vnc,1,0,T1003.008,T1003,23,Credential Access,6e6919ea4e0f,train
scenario_3_b_c.j2,S3,5,23,vnc,1,0,T1213,T1213,54,Collection,6e6919ea4e0f,train
scenario_3_b_c.j2,S3,6,23,vnc,1,0,T1039,T1039,29,Collection,6e6919ea4e0f,train
scenario_3_b_c.j2,S3,7,23,vnc,1,0,T1083,T1083,11,Discovery,6e6919ea4e0f,train
scenario_3_b_c.j2,S3,8,23,vnc,1,0,T1059.004,T1059,2,Execution,6e6919ea4e0f,train
scenario_3_b_c.j2,S3,9,23,vnc,2,1,T1036.005;T1564.001,T1036;T1564,20;67,Defense Evasion,6e6919ea4e0f,train
scenario_3_b_c.j2,S3,10,23,vnc,1,0,T1574,T1574,21,Persistence,6e6919ea4e0f,train
scenario_3_b_c.j2,S3,11,23,vnc,2,1,T1059;T1574,T1059;T1574,2;21,Execution,6e6919ea4e0f,train
scenario_3_b_c.j2,S3,12,23,vnc,3,1,T1053.003;T1105;T1071.001,T1053;T1071;T1105,4;35;43,Command and Control;Persistence,6e6919ea4e0f,train
scenario_3_b_c.j2,S3,13,23,vnc,1,0,T1072,T1072,14,Execution,6e6919ea4e0f,train
scenario_3_b_c.j2,S3,14,23,vnc,1,0,T1072,T1072,14,Execution,6e6919ea4e0f,train
scenario_3_b_c.j2,S3,15,23,msf-session,2,1,T1486;T1105,T1105;T1486,43;18,Command and Control;Impact,6e6919ea4e0f,train
scenario_3_b_c.j2,S3,16,23,msf-session,2,1,T1486;T1565.001,T1486;T1565,18;68,Impact,6e6919ea4e0f,train
scenario_3_b_c.j2,S3,17,23,msf-session,1,0,T1018,T1018,27,Discovery,6e6919ea4e0f,train
scenario_3_b_c.j2,S3,18,23,msf-session,1,0,T1087.001,T1087,40,Discovery,6e6919ea4e0f,train
scenario_3_b_c.j2,S3,19,23,msf-session,1,0,T1531,T1531,62,Impact,6e6919ea4e0f,train
scenario_3_b_c.j2,S3,20,23,msf-session,1,0,T1485,T1485,57,Impact,6e6919ea4e0f,train
scenario_3_b_c.j2,S3,21,23,msf-session,1,0,T1490,T1490,58,Impact,6e6919ea4e0f,train
scenario_3_b_c.j2,S3,22,23,msf-session,1,0,T1489,T1489,19,Impact,6e6919ea4e0f,train
scenario_3_b_d.j2,S3,0,17,vnc,2,1,T1110.001;T1021.005,T1021;T1110,12;44,Credential Access;Lateral Movement,30b2019a4d11,train
scenario_3_b_d.j2,S3,1,17,vnc,1,0,T1021.005,T1021,12,Lateral Movement,30b2019a4d11,train
scenario_3_b_d.j2,S3,2,17,vnc,1,0,T1021.005,T1021,12,Lateral Movement,30b2019a4d11,train
scenario_3_b_d.j2,S3,3,17,vnc,1,0,T1078.003,T1078,37,Privilege Escalation,30b2019a4d11,train
scenario_3_b_d.j2,S3,4,17,vnc,1,0,T1078.003,T1078,37,Privilege Escalation,30b2019a4d11,train
scenario_3_b_d.j2,S3,5,17,vnc,1,0,T1003.008,T1003,23,Credential Access,30b2019a4d11,train
scenario_3_b_d.j2,S3,6,17,vnc,1,0,T1213,T1213,54,Collection,30b2019a4d11,train
scenario_3_b_d.j2,S3,7,17,vnc,1,0,T1039,T1039,29,Collection,30b2019a4d11,train
scenario_3_b_d.j2,S3,8,17,vnc,3,1,T1072;T1105;T1059.004,T1059;T1072;T1105,2;14;43,Execution;Lateral Movement,30b2019a4d11,train
scenario_3_b_d.j2,S3,9,17,msf-session,2,1,T1486;T1105,T1105;T1486,43;18,Command and Control;Impact,30b2019a4d11,train
scenario_3_b_d.j2,S3,10,17,msf-session,2,1,T1486;T1565.001,T1486;T1565,18;68,Impact,30b2019a4d11,train
scenario_3_b_d.j2,S3,11,17,msf-session,1,0,T1018,T1018,27,Discovery,30b2019a4d11,train
scenario_3_b_d.j2,S3,12,17,msf-session,1,0,T1087.001,T1087,40,Discovery,30b2019a4d11,train
scenario_3_b_d.j2,S3,13,17,msf-session,1,0,T1531,T1531,62,Impact,30b2019a4d11,train
scenario_3_b_d.j2,S3,14,17,msf-session,1,0,T1485,T1485,57,Impact,30b2019a4d11,train
scenario_3_b_d.j2,S3,15,17,msf-session,1,0,T1490,T1490,58,Impact,30b2019a4d11,train
scenario_3_b_d.j2,S3,16,17,msf-session,1,0,T1489,T1489,19,Impact,30b2019a4d11,train
scenario_4.j2,S4,0,22,sliver,1,0,T1071.001,T1071,35,Command and Control,715ae730b1e5,train
scenario_4.j2,S4,1,22,sliver,1,0,T1071.001,T1071,35,Command and Control,715ae730b1e5,train
scenario_4.j2,S4,2,22,shell,3,1,T1078.003;T1105;T1205.001,T1078;T1105;T1205,37;43;52,Defense Evasion;Initial Access;Lateral Movement,715ae730b1e5,train
scenario_4.j2,S4,3,22,ssh,1,0,T1078.003,T1078,37,Initial Access,715ae730b1e5,train
scenario_4.j2,S4,4,22,ssh,1,0,T1078.003,T1078,37,Lateral Movement,715ae730b1e5,train
scenario_4.j2,S4,5,22,ssh,1,0,T1078.003,T1078,37,Lateral Movement,715ae730b1e5,train
scenario_4.j2,S4,6,22,ssh,1,0,T1548.003,T1548,64,Privilege Escalation,715ae730b1e5,train
scenario_4.j2,S4,7,22,ssh,1,0,T1548.003,T1548,64,Privilege Escalation,715ae730b1e5,train
scenario_4.j2,S4,8,22,ssh,2,1,T1036.005;T1205.001,T1036;T1205,20;52,Defense Evasion,715ae730b1e5,train
scenario_4.j2,S4,9,22,ssh,1,0,T1070.004,T1070,34,Defense Evasion,715ae730b1e5,train
scenario_4.j2,S4,10,22,ssh,1,0,T1543.002,T1543,5,Persistence,715ae730b1e5,train
scenario_4.j2,S4,11,22,ssh,1,0,T1543.002,T1543,5,Persistence,715ae730b1e5,train
scenario_4.j2,S4,12,22,ssh,1,0,T1543.002,T1543,5,Persistence,715ae730b1e5,train
scenario_4.j2,S4,13,22,ssh,1,0,T1543.002,T1543,5,Persistence,715ae730b1e5,train
scenario_4.j2,S4,14,22,ssh,1,0,T1543.002,T1543,5,Persistence,715ae730b1e5,train
scenario_4.j2,S4,15,22,shell,3,1,T1205.001;T1071.001;T1036.005,T1036;T1071;T1205,20;35;52,Command and Control;Defense Evasion;Persistence,715ae730b1e5,train
scenario_4.j2,S4,16,22,sliver-session,1,0,T1599,T1599,76,Defense Evasion,715ae730b1e5,train
scenario_4.j2,S4,17,22,sliver-session,1,0,T1599,T1599,76,Defense Evasion,715ae730b1e5,train
scenario_4.j2,S4,18,22,ssh,1,0,T1078.003,T1078,37,Initial Access,715ae730b1e5,train
scenario_4.j2,S4,19,22,ssh,1,0,T1078.003,T1078,37,Lateral Movement,715ae730b1e5,train
scenario_4.j2,S4,20,22,ssh,1,0,T1078.003,T1078,37,Lateral Movement,715ae730b1e5,train
scenario_4.j2,S4,21,22,ssh,1,0,T1082,T1082,39,Discovery,715ae730b1e5,train
scenario_5.j2,S5,0,3,shell,2,1,T1040;T1557.002,T1040;T1557,30;66,Credential Access;Discovery,afb48d9af681,train
scenario_5.j2,S5,1,3,shell,2,1,T1040;T1528,T1040;T1528,30;61,Credential Access,afb48d9af681,train
scenario_5.j2,S5,2,3,http-client,1,0,T1550.001,T1550,13,Defense Evasion,afb48d9af681,train
scenario_6_a_a.j2,S6,0,17,vnc,2,1,T1105;T1204.002,T1105;T1204,43;3,Command and Control;Execution,9094ad518d01,validation
scenario_6_a_a.j2,S6,1,17,vnc,1,0,T1204.002,T1204,3,Execution,9094ad518d01,validation
scenario_6_a_a.j2,S6,2,17,msf-session,1,0,T1082,T1082,39,Discovery,9094ad518d01,validation
scenario_6_a_a.j2,S6,3,17,msf-session,1,0,T1105,T1105,43,Command and Control,9094ad518d01,validation
scenario_6_a_a.j2,S6,4,17,msf-session,1,0,T1105,T1105,43,Command and Control,9094ad518d01,validation
scenario_6_a_a.j2,S6,5,17,msf-session,2,1,T1574.008;T1546,T1546;T1574,63;21,Defense Evasion;Persistence,9094ad518d01,validation
scenario_6_a_a.j2,S6,6,17,msf-session,1,0,T1222.002,T1222,56,Defense Evasion,9094ad518d01,validation
scenario_6_a_a.j2,S6,7,17,msf-session,1,0,T1105,T1105,43,Command and Control,9094ad518d01,validation
scenario_6_a_a.j2,S6,8,17,msf-session,1,0,T1115,T1115,45,Collection,9094ad518d01,validation
scenario_6_a_a.j2,S6,9,17,msf-session,1,0,T1564.001,T1564,67,Defense Evasion,9094ad518d01,validation
scenario_6_a_a.j2,S6,10,17,msf-session,1,0,T1222.002,T1222,56,Defense Evasion,9094ad518d01,validation
scenario_6_a_a.j2,S6,11,17,msf-session,1,0,T1222.002,T1222,56,Defense Evasion,9094ad518d01,validation
scenario_6_a_a.j2,S6,12,17,msf-session,1,0,T1010,T1010,25,Discovery,9094ad518d01,validation
scenario_6_a_a.j2,S6,13,17,msf-session,1,0,T1053.003,T1053,4,Persistence,9094ad518d01,validation
scenario_6_a_a.j2,S6,14,17,msf-session,1,0,T1053.003,T1053,4,Persistence,9094ad518d01,validation
scenario_6_a_a.j2,S6,15,17,msf-session,1,0,T1053.003,T1053,4,Persistence,9094ad518d01,validation
scenario_6_a_a.j2,S6,16,17,msf-session,1,0,T1070.003,T1070,34,Defense Evasion,9094ad518d01,validation
scenario_6_a_b.j2,S6,0,15,vnc,2,1,T1105;T1204.002,T1105;T1204,43;3,Command and Control;Execution,8a1dae966418,train
scenario_6_a_b.j2,S6,1,15,vnc,1,0,T1204.002,T1204,3,Execution,8a1dae966418,train
scenario_6_a_b.j2,S6,2,15,msf-session,1,0,T1082,T1082,39,Discovery,8a1dae966418,train
scenario_6_a_b.j2,S6,3,15,msf-session,1,0,T1105,T1105,43,Command and Control,8a1dae966418,train
scenario_6_a_b.j2,S6,4,15,msf-session,1,0,T1105,T1105,43,Command and Control,8a1dae966418,train
scenario_6_a_b.j2,S6,5,15,msf-session,1,0,T1115,T1115,45,Collection,8a1dae966418,train
scenario_6_a_b.j2,S6,6,15,msf-session,1,0,T1564.001,T1564,67,Defense Evasion,8a1dae966418,train
scenario_6_a_b.j2,S6,7,15,msf-session,1,0,T1222.002,T1222,56,Defense Evasion,8a1dae966418,train
scenario_6_a_b.j2,S6,8,15,msf-session,1,0,T1222.002,T1222,56,Defense Evasion,8a1dae966418,train
scenario_6_a_b.j2,S6,9,15,msf-session,1,0,T1010,T1010,25,Discovery,8a1dae966418,train
scenario_6_a_b.j2,S6,10,15,msf-session,1,0,T1053.003,T1053,4,Persistence,8a1dae966418,train
scenario_6_a_b.j2,S6,11,15,msf-session,1,0,T1053.003,T1053,4,Persistence,8a1dae966418,train
scenario_6_a_b.j2,S6,12,15,msf-session,1,0,T1053.003,T1053,4,Persistence,8a1dae966418,train
scenario_6_a_b.j2,S6,13,15,msf-session,1,0,T1053.003,T1053,4,Persistence,8a1dae966418,train
scenario_6_a_b.j2,S6,14,15,msf-session,1,0,T1070.003,T1070,34,Defense Evasion,8a1dae966418,train
scenario_6_b_a.j2,S6,0,36,vnc,3,1,T1204.001;T1105;T1566.004,T1105;T1204;T1566,43;3;1,Command and Control;Execution;Initial Access,e1e57741c6bb,train
scenario_6_b_a.j2,S6,1,36,vnc,3,1,T1204.001;T1105;T1566.004,T1105;T1204;T1566,43;3;1,Command and Control;Execution;Initial Access,e1e57741c6bb,train
scenario_6_b_a.j2,S6,2,36,vnc,2,1,T1204.001;T1219,T1204;T1219,3;55,Execution;Initial Access,e1e57741c6bb,train
scenario_6_b_a.j2,S6,3,36,vnc,2,1,T1204.001;T1219,T1204;T1219,3;55,Execution;Initial Access,e1e57741c6bb,train
scenario_6_b_a.j2,S6,4,36,vnc,2,1,T1566.004;T1219,T1219;T1566,55;1,Execution,e1e57741c6bb,train
scenario_6_b_a.j2,S6,5,36,vnc,2,1,T1566.004;T1219,T1219;T1566,55;1,Execution,e1e57741c6bb,train
scenario_6_b_a.j2,S6,6,36,vnc,2,1,T1566.004;T1219,T1219;T1566,55;1,Execution,e1e57741c6bb,train
scenario_6_b_a.j2,S6,7,36,vnc,2,1,T1566.004;T1219,T1219;T1566,55;1,Execution,e1e57741c6bb,train
scenario_6_b_a.j2,S6,8,36,vnc,1,0,T1219,T1219,55,Command and Control,e1e57741c6bb,train
scenario_6_b_a.j2,S6,9,36,vnc,1,0,T1219,T1219,55,Command and Control,e1e57741c6bb,train
scenario_6_b_a.j2,S6,10,36,vnc,1,0,T1219,T1219,55,Command and Control,e1e57741c6bb,train
scenario_6_b_a.j2,S6,11,36,vnc,1,0,T1219,T1219,55,Command and Control,e1e57741c6bb,train
scenario_6_b_a.j2,S6,12,36,vnc,3,1,T1105;T1219;T1564.001,T1105;T1219;T1564,43;55;67,Command and Control;Defense Evasion;Execution,e1e57741c6bb,train
scenario_6_b_a.j2,S6,13,36,vnc,3,1,T1105;T1219;T1564.001,T1105;T1219;T1564,43;55;67,Command and Control;Defense Evasion;Execution,e1e57741c6bb,train
scenario_6_b_a.j2,S6,14,36,vnc,2,1,T1222.002;T1219,T1219;T1222,55;56,Defense Evasion;Execution,e1e57741c6bb,train
scenario_6_b_a.j2,S6,15,36,vnc,2,1,T1222.002;T1219,T1219;T1222,55;56,Defense Evasion;Execution,e1e57741c6bb,train
scenario_6_b_a.j2,S6,16,36,vnc,2,1,T1105;T1219,T1105;T1219,43;55,Command and Control;Execution,e1e57741c6bb,train
scenario_6_b_a.j2,S6,17,36,vnc,2,1,T1105;T1219,T1105;T1219,43;55,Command and Control;Execution,e1e57741c6bb,train
scenario_6_b_a.j2,S6,18,36,vnc,2,1,T1222.002;T1219,T1219;T1222,55;56,Defense Evasion;Execution,e1e57741c6bb,train
scenario_6_b_a.j2,S6,19,36,vnc,2,1,T1222.002;T1219,T1219;T1222,55;56,Defense Evasion;Execution,e1e57741c6bb,train
scenario_6_b_a.j2,S6,20,36,vnc,2,1,T1574.008;T1219,T1219;T1574,55;21,Defense Evasion;Persistence,e1e57741c6bb,train
scenario_6_b_a.j2,S6,21,36,vnc,2,1,T1574.008;T1219,T1219;T1574,55;21,Defense Evasion;Persistence,e1e57741c6bb,train
scenario_6_b_a.j2,S6,22,36,vnc,2,1,T1574.008;T1219,T1219;T1574,55;21,Defense Evasion;Persistence,e1e57741c6bb,train
scenario_6_b_a.j2,S6,23,36,vnc,2,1,T1059.004;T1219,T1059;T1219,2;55,Execution,e1e57741c6bb,train
scenario_6_b_a.j2,S6,24,36,vnc,2,1,T1059.004;T1219,T1059;T1219,2;55,Execution,e1e57741c6bb,train
scenario_6_b_a.j2,S6,25,36,msf-session,1,0,T1082,T1082,39,Discovery,e1e57741c6bb,train
scenario_6_b_a.j2,S6,26,36,msf-session,1,0,T1105,T1105,43,Command and Control,e1e57741c6bb,train
scenario_6_b_a.j2,S6,27,36,msf-session,1,0,T1105,T1105,43,Command and Control,e1e57741c6bb,train
scenario_6_b_a.j2,S6,28,36,msf-session,1,0,T1115,T1115,45,Collection,e1e57741c6bb,train
scenario_6_b_a.j2,S6,29,36,msf-session,1,0,T1222.002,T1222,56,Defense Evasion,e1e57741c6bb,train
scenario_6_b_a.j2,S6,30,36,msf-session,1,0,T1222.002,T1222,56,Defense Evasion,e1e57741c6bb,train
scenario_6_b_a.j2,S6,31,36,msf-session,1,0,T1010,T1010,25,Discovery,e1e57741c6bb,train
scenario_6_b_a.j2,S6,32,36,msf-session,1,0,T1053.003,T1053,4,Persistence,e1e57741c6bb,train
scenario_6_b_a.j2,S6,33,36,msf-session,1,0,T1053.003,T1053,4,Persistence,e1e57741c6bb,train
scenario_6_b_a.j2,S6,34,36,msf-session,1,0,T1053.003,T1053,4,Persistence,e1e57741c6bb,train
scenario_6_b_a.j2,S6,35,36,msf-session,1,0,T1070.003,T1070,34,Defense Evasion,e1e57741c6bb,train
scenario_6_b_b.j2,S6,0,30,vnc,3,1,T1204.001;T1105;T1566.004,T1105;T1204;T1566,43;3;1,Command and Control;Execution;Initial Access,e6a35506cfa9,train
scenario_6_b_b.j2,S6,1,30,vnc,3,1,T1204.001;T1105;T1566.004,T1105;T1204;T1566,43;3;1,Command and Control;Execution;Initial Access,e6a35506cfa9,train
scenario_6_b_b.j2,S6,2,30,vnc,2,1,T1204.001;T1219,T1204;T1219,3;55,Execution;Initial Access,e6a35506cfa9,train
scenario_6_b_b.j2,S6,3,30,vnc,2,1,T1204.001;T1219,T1204;T1219,3;55,Execution;Initial Access,e6a35506cfa9,train
scenario_6_b_b.j2,S6,4,30,vnc,2,1,T1566.004;T1219,T1219;T1566,55;1,Execution,e6a35506cfa9,train
scenario_6_b_b.j2,S6,5,30,vnc,2,1,T1566.004;T1219,T1219;T1566,55;1,Execution,e6a35506cfa9,train
scenario_6_b_b.j2,S6,6,30,vnc,2,1,T1566.004;T1219,T1219;T1566,55;1,Execution,e6a35506cfa9,train
scenario_6_b_b.j2,S6,7,30,vnc,2,1,T1566.004;T1219,T1219;T1566,55;1,Execution,e6a35506cfa9,train
scenario_6_b_b.j2,S6,8,30,vnc,1,0,T1219,T1219,55,Command and Control,e6a35506cfa9,train
scenario_6_b_b.j2,S6,9,30,vnc,1,0,T1219,T1219,55,Command and Control,e6a35506cfa9,train
scenario_6_b_b.j2,S6,10,30,vnc,1,0,T1219,T1219,55,Command and Control,e6a35506cfa9,train
scenario_6_b_b.j2,S6,11,30,vnc,1,0,T1219,T1219,55,Command and Control,e6a35506cfa9,train
scenario_6_b_b.j2,S6,12,30,vnc,3,1,T1105;T1219;T1564.001,T1105;T1219;T1564,43;55;67,Command and Control;Defense Evasion;Execution,e6a35506cfa9,train
scenario_6_b_b.j2,S6,13,30,vnc,3,1,T1105;T1219;T1564.001,T1105;T1219;T1564,43;55;67,Command and Control;Defense Evasion;Execution,e6a35506cfa9,train
scenario_6_b_b.j2,S6,14,30,vnc,2,1,T1222.002;T1219,T1219;T1222,55;56,Defense Evasion;Execution,e6a35506cfa9,train
scenario_6_b_b.j2,S6,15,30,vnc,2,1,T1222.002;T1219,T1219;T1222,55;56,Defense Evasion;Execution,e6a35506cfa9,train
scenario_6_b_b.j2,S6,16,30,vnc,2,1,T1219;T1059.004,T1059;T1219,2;55,Command and Control;Execution,e6a35506cfa9,train
scenario_6_b_b.j2,S6,17,30,vnc,2,1,T1219;T1059.004,T1059;T1219,2;55,Command and Control;Execution,e6a35506cfa9,train
scenario_6_b_b.j2,S6,18,30,msf-session,1,0,T1082,T1082,39,Discovery,e6a35506cfa9,train
scenario_6_b_b.j2,S6,19,30,msf-session,1,0,T1105,T1105,43,Command and Control,e6a35506cfa9,train
scenario_6_b_b.j2,S6,20,30,msf-session,1,0,T1105,T1105,43,Command and Control,e6a35506cfa9,train
scenario_6_b_b.j2,S6,21,30,msf-session,1,0,T1115,T1115,45,Collection,e6a35506cfa9,train
scenario_6_b_b.j2,S6,22,30,msf-session,1,0,T1222.002,T1222,56,Defense Evasion,e6a35506cfa9,train
scenario_6_b_b.j2,S6,23,30,msf-session,1,0,T1222.002,T1222,56,Defense Evasion,e6a35506cfa9,train
scenario_6_b_b.j2,S6,24,30,msf-session,1,0,T1010,T1010,25,Discovery,e6a35506cfa9,train
scenario_6_b_b.j2,S6,25,30,msf-session,1,0,T1053.003,T1053,4,Persistence,e6a35506cfa9,train
scenario_6_b_b.j2,S6,26,30,msf-session,1,0,T1053.003,T1053,4,Persistence,e6a35506cfa9,train
scenario_6_b_b.j2,S6,27,30,msf-session,1,0,T1053.003,T1053,4,Persistence,e6a35506cfa9,train
scenario_6_b_b.j2,S6,28,30,msf-session,1,0,T1053.003,T1053,4,Persistence,e6a35506cfa9,train
scenario_6_b_b.j2,S6,29,30,msf-session,1,0,T1070.003,T1070,34,Defense Evasion,e6a35506cfa9,train
scenario_6_c.j2,S6,0,16,webserv,4,1,T1176;T1056.001;T1056.004;T1115,T1056;T1115;T1176,32;45;50,Persistence,497137828a7e,test
scenario_6_c.j2,S6,1,16,vnc,4,1,T1176;T1056.001;T1056.004;T1115,T1056;T1115;T1176,32;45;50,Persistence,497137828a7e,test
scenario_6_c.j2,S6,2,16,vnc,4,1,T1176;T1056.001;T1056.004;T1115,T1056;T1115;T1176,32;45;50,Persistence,497137828a7e,test
scenario_6_c.j2,S6,3,16,vnc,4,1,T1176;T1056.001;T1056.004;T1115,T1056;T1115;T1176,32;45;50,Persistence,497137828a7e,test
scenario_6_c.j2,S6,4,16,vnc,4,1,T1176;T1056.001;T1056.004;T1115,T1056;T1115;T1176,32;45;50,Persistence,497137828a7e,test
scenario_6_c.j2,S6,5,16,vnc,4,1,T1176;T1056.001;T1056.004;T1115,T1056;T1115;T1176,32;45;50,Persistence,497137828a7e,test
scenario_6_c.j2,S6,6,16,vnc,4,1,T1176;T1056.001;T1056.004;T1115,T1056;T1115;T1176,32;45;50,Persistence,497137828a7e,test
scenario_6_c.j2,S6,7,16,vnc,4,1,T1176;T1056.001;T1056.004;T1115,T1056;T1115;T1176,32;45;50,Persistence,497137828a7e,test
scenario_6_c.j2,S6,8,16,vnc,4,1,T1176;T1056.001;T1056.004;T1115,T1056;T1115;T1176,32;45;50,Persistence,497137828a7e,test
scenario_6_c.j2,S6,9,16,vnc,1,0,T1056.001,T1056,32,Collection,497137828a7e,test
scenario_6_c.j2,S6,10,16,vnc,1,0,T1056.001,T1056,32,Collection,497137828a7e,test
scenario_6_c.j2,S6,11,16,vnc,2,1,T1056.004;T1056.001,T1056,32,Collection;Credential Access,497137828a7e,test
scenario_6_c.j2,S6,12,16,vnc,2,1,T1056.004;T1056.001,T1056,32,Collection;Credential Access,497137828a7e,test
scenario_6_c.j2,S6,13,16,vnc,1,0,T1056.004,T1056,32,Collection,497137828a7e,test
scenario_6_c.j2,S6,14,16,vnc,1,0,T1115,T1115,45,Collection,497137828a7e,test
scenario_6_c.j2,S6,15,16,vnc,1,0,T1115,T1115,45,Collection,497137828a7e,test
scenario_7.j2,S7,0,13,shell,2,1,T1590.002;T1591,T1590;T1591,72;73,Reconnaissance,ffec46928fa3,train
scenario_7.j2,S7,1,13,shell,1,0,T1589.002,T1589,71,Reconnaissance,ffec46928fa3,train
scenario_7.j2,S7,2,13,shell,3,1,T1078.002;T1110.001;T1133,T1078;T1110;T1133,37;44;48,Initial Access,ffec46928fa3,train
scenario_7.j2,S7,3,13,http-client,1,0,T1592.002,T1592,74,Reconnaissance,ffec46928fa3,train
scenario_7.j2,S7,4,13,sliver,2,1,T1071.001;T1573.001,T1071;T1573,35;70,Command and Control,ffec46928fa3,train
scenario_7.j2,S7,5,13,msf-module,3,1,T1190;T1059.004;T1095,T1059;T1095;T1190,2;41;0,Command and Control;Execution;Initial Access,ffec46928fa3,train
scenario_7.j2,S7,6,13,msf-session,1,0,T1033,T1033,28,Discovery,ffec46928fa3,train
scenario_7.j2,S7,7,13,shell,1,0,T1057,T1057,33,Discovery,ffec46928fa3,train
scenario_7.j2,S7,8,13,shell,1,0,T1016,T1016,10,Discovery,ffec46928fa3,train
scenario_7.j2,S7,9,13,shell,4,1,T1610;T1525;T1053.003;T1210,T1053;T1210;T1525;T1610,4;53;60;77,Defense Evasion;Execution;Persistence;Privilege Escalation,ffec46928fa3,train
scenario_7.j2,S7,10,13,sliver-session,1,0,T1083,T1083,11,Discovery,ffec46928fa3,train
scenario_7.j2,S7,11,13,sliver-session,1,0,T1057,T1057,33,Discovery,ffec46928fa3,train
scenario_7.j2,S7,12,13,sliver-session,2,1,T1003.008;T1041,T1003;T1041,23;17,Collection;Credential Access,ffec46928fa3,train
